{"type":"FeatureCollection","features":[{"type":"Feature","geometry":{"type":"LineString","coordinates":[[24.9381,60.1812],[24.9342,60.1897]]}},{"type":"Feature","geometry":{"type":"LineString","coordinates":[[22.5181,60.4232],[22.5077,60.4227]]}},{"type":"Feature","geometry":{"type":"LineString","coordinates":[[24.9389,60.1789],[24.9381,60.1812]]}},{"type":"Feature","geometry":{"type":"LineString","coordinates":[[24.4413,60.1195],[24.428,60.12]]}},{"type":"Feature","geometry":{"type":"LineString","coordinates":[[24.9392,60.1791],[24.938,60.1819]]}},{"type":"Feature","geometry":{"type":"LineString","coordinates":[[24.938,60.1819],[24.9353,60.1878]]}},{"type":"Feature","geometry":{"type":"LineString","coordinates":[[24.6664,60.2071],[24.6475,60.2034]]}},{"type":"Feature","geometry":{"type":"LineString","coordinates":[[24.8209,60.2189],[24.8104,60.2195],[24.8055,60.2195]]}},{"type":"Feature","geometry":{"type":"LineString","coordinates":[[22.7006,60.4553],[22.6971,60.4574],[22.6934,60.4587],[22.6891,60.4594],[22.6834,60.4594]]}},{"type":"Feature","geometry":{"type":"LineString","coordinates":[[24.94,60.1726],[24.9395,60.1774],[24.9389,60.1789]]}},{"type":"Feature","geometry":{"type":"LineString","coordinates":[[24.9353,60.1878],[24.9335,60.1919],[24.9336,60.1943]]}},{"type":"Feature","geometry":{"type":"LineString","coordinates":[[24.8236,60.2186],[24.8076,60.2195]]}},{"type":"Feature","geometry":{"type":"LineString","coordinates":[[23.6787,60.0701],[23.6747,60.0709],[23.6728,60.071],[23.671,60.071],[23.6665,60.0706],[23.6638,60.0698],[23.6561,60.0664]]}},{"type":"Feature","geometry":{"type":"LineString","coordinates":[[24.94,60.1726],[24.9397,60.1751]]}},{"type":"Feature","geometry":{"type":"LineString","coordinates":[[24.9381,60.1815],[24.9351,60.1881]]}},{"type":"Feature","geometry":{"type":"LineString","coordinates":[[24.6091,60.1925],[24.5951,60.1875]]}},{"type":"Feature","geometry":{"type":"LineString","coordinates":[[23.1243,60.3829],[23.1181,60.3871],[23.1135,60.3892]]}},{"type":"Feature","geometry":{"type":"LineString","coordinates":[[23.5534,60.0972],[23.5468,60.1013]]}},{"type":"Feature","geometry":{"type":"LineString","coordinates":[[24.4392,60.1196],[24.428,60.12]]}},{"type":"Feature","geometry":{"type":"LineString","coordinates":[[23.68,60.0699],[23.675,60.0708],[23.6731,60.071],[23.671,60.0709],[23.6666,60.0705],[23.6638,60.0698],[23.655,60.0659]]}},{"type":"Feature","geometry":{"type":"LineString","coordinates":[[23.1243,60.3829],[23.118,60.3871],[23.1135,60.3892]]}},{"type":"Feature","geometry":{"type":"LineString","coordinates":[[24.2237,60.1408],[24.2107,60.1396]]}},{"type":"Feature","geometry":{"type":"LineString","coordinates":[[24.941,60.1714],[24.9405,60.1758],[24.9392,60.1791]]}},{"type":"Feature","geometry":{"type":"LineString","coordinates":[[23.2291,60.2001],[23.2154,60.2066]]}},{"type":"Feature","geometry":{"type":"LineString","coordinates":[[24.9351,60.1881],[24.9333,60.1923],[24.9333,60.1936],[24.9339,60.1959],[24.9338,60.1968],[24.9312,60.2021],[24.9304,60.2028],[24.9257,60.2055],[24.9164,60.2101]]}},{"type":"Feature","geometry":{"type":"LineString","coordinates":[[24.9402,60.1762],[24.9381,60.1815]]}},{"type":"Feature","geometry":{"type":"LineString","coordinates":[[23.9377,60.0613],[23.9337,60.0618],[23.9297,60.0626]]}},{"type":"Feature","geometry":{"type":"LineString","coordinates":[[23.7157,60.0784],[23.7058,60.0773],[23.7019,60.0764],[23.6987,60.0749],[23.6936,60.0711],[23.6919,60.0703],[23.6899,60.0697],[23.6874,60.0693],[23.6847,60.0693],[23.6825,60.0695],[23.6787,60.0701]]}},{"type":"Feature","geometry":{"type":"LineString","coordinates":[[24.6102,60.1929],[24.5941,60.1872]]}},{"type":"Feature","geometry":{"type":"LineString","coordinates":[[22.7006,60.4553],[22.6974,60.4575],[22.6955,60.4582],[22.6935,60.4588],[22.6913,60.4593],[22.6889,60.4595],[22.6834,60.4594]]}},{"type":"Feature","geometry":{"type":"LineString","coordinates":[[24.6641,60.2066],[24.6497,60.2038]]}},{"type":"Feature","geometry":{"type":"LineString","coordinates":[[24.9382,60.1808],[24.9345,60.1891]]}},{"type":"Feature","geometry":{"type":"LineString","coordinates":[[23.7157,60.0784],[23.7058,60.0773],[23.7019,60.0764],[23.6988,60.0749],[23.6937,60.071],[23.6921,60.0703],[23.6902,60.0697],[23.6878,60.0693],[23.6853,60.0692],[23.6829,60.0694],[23.68,60.0699]]}},{"type":"Feature","geometry":{"type":"LineString","coordinates":[[24.9223,60.2073],[24.9191,60.209]]}},{"type":"Feature","geometry":{"type":"LineString","coordinates":[[22.3024,60.447],[22.2994,60.4487],[22.2947,60.4521],[22.2915,60.4549],[22.2893,60.4579],[22.2872,60.4592],[22.2844,60.4601],[22.2771,60.4611],[22.2745,60.4609],[22.2718,60.4602]]}},{"type":"Feature","geometry":{"type":"LineString","coordinates":[[22.3024,60.447],[22.3001,60.4484],[22.2936,60.4531],[22.2914,60.4551],[22.2894,60.458],[22.2872,60.4593],[22.2844,60.4601],[22.2769,60.4611],[22.2742,60.4609],[22.271,60.46]]}},{"type":"Feature","geometry":{"type":"LineString","coordinates":[[24.428,60.12],[24.4229,60.12]]}},{"type":"Feature","geometry":{"type":"LineString","coordinates":[[24.4229,60.12],[24.4095,60.1191],[24.3983,60.118],[24.3954,60.1176],[24.3924,60.1168],[24.3843,60.1138],[24.3742,60.1103],[24.371,60.1095],[24.3677,60.1089],[24.3581,60.1075],[24.3543,60.1071],[24.3463,60.1071],[24.3415,60.1074],[24.3382,60.1078],[24.3351,60.1085],[24.3321,60.1093],[24.3294,60.1103],[24.3255,60.1124],[24.3175,60.1187],[24.3128,60.1213],[24.3085,60.1231],[24.2936,60.1279],[24.2794,60.1345],[24.2742,60.1363],[24.2701,60.1373],[24.2658,60.138],[24.2353,60.141],[24.2296,60.1412],[24.2237,60.1408]]}},{"type":"Feature","geometry":{"type":"LineString","coordinates":[[24.2107,60.1396],[24.1727,60.1351],[24.1695,60.1345],[24.1491,60.1296],[24.129,60.1229],[24.1253,60.1215],[24.1216,60.1196],[24.1153,60.115],[24.1131,60.1138],[24.1107,60.1128],[24.0917,60.107],[24.0842,60.1053],[24.0767,60.103],[24.0739,60.1025],[24.0685,60.1018],[24.0601,60.1016],[24.0555,60.1012],[24.0355,60.0979],[24.0324,60.0972],[24.0301,60.0964],[24.0282,60.0954],[24.011,60.083],[24.0095,60.0821],[24.0077,60.0813],[23.9819,60.0726],[23.9753,60.0697],[23.9731,60.0689],[23.9709,60.0684],[23.9646,60.0674],[23.9622,60.0668],[23.956,60.0648],[23.95,60.0624],[23.9474,60.0617],[23.9451,60.0613],[23.9428,60.0611],[23.9405,60.0611],[23.9377,60.0613]]}},{"type":"Feature","geometry":{"type":"LineString","coordinates":[[23.9297,60.0626],[23.9264,60.0632],[23.9234,60.0634],[23.9184,60.0634],[23.912,60.0629],[23.9079,60.0631],[23.8834,60.067],[23.8793,60.0675],[23.8735,60.0677],[23.843,60.068],[23.8004,60.0711],[23.7928,60.0722],[23.7855,60.0737],[23.7782,60.0759],[23.7671,60.0799],[23.7634,60.0808],[23.7595,60.0812],[23.7544,60.0813],[23.7442,60.0806],[23.7348,60.0792],[23.7295,60.0787],[23.7268,60.0786],[23.7205,60.0788],[23.7157,60.0784]]}},{"type":"Feature","geometry":{"type":"LineString","coordinates":[[23.6561,60.0664],[23.652,60.0647],[23.6485,60.0637],[23.6443,60.063],[23.64,60.0627],[23.6351,60.0629],[23.6271,60.0639],[23.6227,60.0647],[23.6185,60.0658],[23.6139,60.0674],[23.5885,60.078],[23.5748,60.0857],[23.5574,60.0946],[23.5534,60.0972]]}},{"type":"Feature","geometry":{"type":"LineString","coordinates":[[23.5468,60.1013],[23.5416,60.104],[23.539,60.105],[23.5361,60.1058],[23.5148,60.1096],[23.5042,60.1111],[23.5011,60.1118],[23.4946,60.1138],[23.4911,60.1146],[23.4878,60.1151],[23.4845,60.1154],[23.4686,60.1156],[23.4631,60.116],[23.421,60.1243],[23.4172,60.1253],[23.4139,60.1267],[23.3952,60.1367],[23.3924,60.1379],[23.3894,60.1389],[23.3501,60.1479],[23.3224,60.1525],[23.319,60.1532],[23.3157,60.1542],[23.3124,60.1553],[23.3093,60.1567],[23.2733,60.1748],[23.2709,60.1764],[23.2689,60.1781],[23.2627,60.1848],[23.2605,60.1865],[23.2579,60.188],[23.2513,60.191],[23.2359,60.197],[23.2291,60.2001]]}},{"type":"Feature","geometry":{"type":"LineString","coordinates":[[23.2154,60.2066],[23.2053,60.2113],[23.2026,60.2122],[23.197,60.2137],[23.1945,60.2146],[23.1889,60.2171],[23.1864,60.2186],[23.185,60.2199],[23.1841,60.2212],[23.1831,60.2254],[23.182,60.2274],[23.1619,60.2472],[23.1587,60.2498],[23.1481,60.2572],[23.1373,60.265],[23.128,60.2736],[23.1225,60.2772],[23.1207,60.2787],[23.1188,60.2807],[23.1165,60.2839],[23.1141,60.2913],[23.1105,60.2967],[23.1077,60.3036],[23.1073,60.3057],[23.107,60.3112],[23.1064,60.3133],[23.1049,60.3155],[23.0976,60.3238],[23.0965,60.3261],[23.0963,60.3285],[23.0971,60.3313],[23.0991,60.334],[23.1011,60.3356],[23.1127,60.3442],[23.1145,60.3459],[23.1157,60.3478],[23.1165,60.3504],[23.1198,60.3726],[23.1211,60.3754],[23.1257,60.3804],[23.1256,60.3817],[23.1243,60.3829]]}},{"type":"Feature","geometry":{"type":"LineString","coordinates":[[23.1135,60.3892],[23.111,60.3901],[23.1045,60.3921],[23.1018,60.3927],[23.0989,60.3932],[23.0854,60.3949],[23.0797,60.3954],[23.0728,60.3957],[23.0619,60.3959],[23.0556,60.3964],[23.0491,60.3976],[23.039,60.4005],[23.0326,60.4018],[23.026,60.4025],[23.0144,60.4026],[23.0078,60.4031],[22.9382,60.4132],[22.9269,60.4154],[22.9237,60.4159],[22.9198,60.4162],[22.9158,60.4162],[22.8884,60.4136],[22.8848,60.4135],[22.8812,60.4136],[22.8549,60.4165],[22.8007,60.4257],[22.7973,60.426],[22.7906,60.4263],[22.7872,60.4267],[22.7691,60.4307],[22.7666,60.4315],[22.7617,60.4334],[22.758,60.4344],[22.7543,60.4349],[22.7356,60.4362],[22.7322,60.4367],[22.7291,60.4375],[22.7263,60.4386],[22.724,60.44],[22.7155,60.4471],[22.7132,60.4488],[22.7104,60.4503],[22.7033,60.4536],[22.7006,60.4553]]}},{"type":"Feature","geometry":{"type":"LineString","coordinates":[[22.6834,60.4594],[22.6746,60.4593],[22.6717,60.4594],[22.6399,60.4623],[22.6346,60.4621],[22.6295,60.4614],[22.6246,60.4599],[22.5786,60.4422],[22.5747,60.4411],[22.5546,60.4367],[22.5509,60.4356],[22.5471,60.4338],[22.537,60.4273],[22.534,60.4259],[22.5311,60.4251],[22.5235,60.4237],[22.5211,60.4234],[22.5181,60.4232]]}},{"type":"Feature","geometry":{"type":"LineString","coordinates":[[22.5077,60.4227],[22.4984,60.4223],[22.494,60.4225],[22.4906,60.4232],[22.4777,60.4265],[22.4746,60.4277],[22.4593,60.4352],[22.4462,60.4412],[22.4426,60.4424],[22.4385,60.4431],[22.4355,60.4434],[22.4261,60.4436],[22.4063,60.4453],[22.4016,60.4454],[22.3975,60.4449],[22.3901,60.4432],[22.3875,60.4427],[22.3795,60.442],[22.3491,60.4377],[22.3453,60.4374],[22.3414,60.4374],[22.3347,60.4377],[22.3321,60.4379],[22.3154,60.4411],[22.3127,60.4418],[22.3103,60.4428],[22.3024,60.447]]}},{"type":"Feature","geometry":{"type":"LineString","coordinates":[[24.8024,60.2194],[24.8006,60.2194]]}},{"type":"Feature","geometry":{"type":"LineString","coordinates":[[24.8006,60.2194],[24.7927,60.219],[24.7754,60.2172],[24.7615,60.2171],[24.7583,60.2169],[24.7538,60.2161],[24.7478,60.2141],[24.7452,60.2135],[24.7425,60.2131],[24.7351,60.2123]]}},{"type":"Feature","geometry":{"type":"LineString","coordinates":[[24.7349,60.2123],[24.7249,60.2114],[24.7221,60.2109],[24.718,60.2098],[24.7123,60.2074],[24.7104,60.207],[24.7083,60.2067],[24.7053,60.2067],[24.6996,60.2073],[24.6968,60.2074],[24.6943,60.2072],[24.6866,60.2062],[24.6847,60.2061],[24.6806,60.2064],[24.6753,60.2074],[24.6727,60.2077],[24.6696,60.2076],[24.6664,60.2071]]}},{"type":"Feature","geometry":{"type":"LineString","coordinates":[[24.6475,60.2034],[24.6368,60.2014],[24.6302,60.2005],[24.6273,60.1998],[24.6223,60.198],[24.6129,60.1939],[24.6102,60.1929]]}},{"type":"Feature","geometry":{"type":"LineString","coordinates":[[24.5941,60.1872],[24.5908,60.1862],[24.5873,60.1856],[24.5844,60.1853],[24.5763,60.185],[24.5738,60.1847],[24.5714,60.1843],[24.5691,60.1836],[24.567,60.1828],[24.5599,60.1791],[24.5561,60.1767],[24.5471,60.1704],[24.5459,60.169],[24.5376,60.1566],[24.5259,60.1471]]}},{"type":"Feature","geometry":{"type":"LineString","coordinates":[[24.5259,60.1471],[24.5235,60.145]]}},{"type":"Feature","geometry":{"type":"LineString","coordinates":[[24.5235,60.145],[24.5193,60.1412],[24.5174,60.14],[24.4952,60.1305],[24.4928,60.129],[24.4903,60.1266],[24.4889,60.1256],[24.4871,60.1246],[24.4839,60.1232]]}},{"type":"Feature","geometry":{"type":"LineString","coordinates":[[24.4839,60.1232],[24.4779,60.1207]]}},{"type":"Feature","geometry":{"type":"LineString","coordinates":[[24.4779,60.1207],[24.4718,60.1182],[24.4695,60.1174],[24.4659,60.1167],[24.4624,60.1163],[24.459,60.1164],[24.4557,60.1167],[24.4526,60.1173],[24.448,60.1187],[24.4459,60.1191],[24.4433,60.1195],[24.4392,60.1196]]}},{"type":"Feature","geometry":{"type":"LineString","coordinates":[[24.8055,60.2195],[24.798,60.2193]]}},{"type":"Feature","geometry":{"type":"LineString","coordinates":[[24.798,60.2193],[24.7922,60.219],[24.7755,60.2172],[24.7624,60.2171],[24.7584,60.2168],[24.754,60.216],[24.7477,60.214],[24.7453,60.2134],[24.7427,60.213],[24.7364,60.2124]]}},{"type":"Feature","geometry":{"type":"LineString","coordinates":[[24.7336,60.2122],[24.7247,60.2113],[24.7219,60.2108],[24.7179,60.2097],[24.7123,60.2074],[24.7103,60.2069],[24.7082,60.2066],[24.7051,60.2066],[24.6992,60.2072],[24.6965,60.2073],[24.694,60.2071],[24.6866,60.2061],[24.6844,60.2061],[24.6807,60.2063],[24.6748,60.2074],[24.6715,60.2077],[24.6686,60.2075],[24.6641,60.2066]]}},{"type":"Feature","geometry":{"type":"LineString","coordinates":[[24.6497,60.2038],[24.6372,60.2014],[24.6307,60.2006],[24.6274,60.1998],[24.6224,60.198],[24.6128,60.1938],[24.6091,60.1925]]}},{"type":"Feature","geometry":{"type":"LineString","coordinates":[[24.5951,60.1875],[24.5912,60.1863],[24.5876,60.1856],[24.5845,60.1853],[24.5763,60.185],[24.5737,60.1847],[24.5713,60.1842],[24.5691,60.1836],[24.567,60.1827],[24.5599,60.179],[24.5491,60.1718],[24.5472,60.1704],[24.546,60.1689],[24.5376,60.1565],[24.5361,60.1552],[24.5279,60.1489],[24.5248,60.1461]]}},{"type":"Feature","geometry":{"type":"LineString","coordinates":[[24.5248,60.1461],[24.5247,60.146]]}},{"type":"Feature","geometry":{"type":"LineString","coordinates":[[24.5247,60.146],[24.5195,60.1413],[24.5175,60.1399],[24.4954,60.1306],[24.4929,60.1291],[24.4903,60.1265],[24.4887,60.1254],[24.4868,60.1244],[24.4822,60.1224]]}},{"type":"Feature","geometry":{"type":"LineString","coordinates":[[24.4822,60.1224],[24.4798,60.1214]]}},{"type":"Feature","geometry":{"type":"LineString","coordinates":[[24.4798,60.1214],[24.4701,60.1176],[24.4666,60.1167],[24.4631,60.1163],[24.4593,60.1163],[24.4555,60.1167],[24.4524,60.1173],[24.4464,60.119],[24.444,60.1193],[24.4413,60.1195]]}},{"type":"Feature","geometry":{"type":"LineString","coordinates":[[24.9345,60.1891],[24.9331,60.1925],[24.9337,60.1958],[24.9336,60.1968],[24.9307,60.2021],[24.9298,60.2029],[24.9264,60.2049],[24.9183,60.209]]}},{"type":"Feature","geometry":{"type":"LineString","coordinates":[[24.9183,60.209],[24.9125,60.212]]}},{"type":"Feature","geometry":{"type":"LineString","coordinates":[[24.9125,60.212],[24.9104,60.213],[24.9069,60.2143],[24.8999,60.216],[24.8896,60.2195]]}},{"type":"Feature","geometry":{"type":"LineString","coordinates":[[24.8896,60.2195],[24.8864,60.2205]]}},{"type":"Feature","geometry":{"type":"LineString","coordinates":[[24.8864,60.2205],[24.8825,60.2215],[24.8801,60.2219],[24.8781,60.222],[24.8731,60.2219],[24.87,60.222],[24.857,60.2236],[24.8534,60.2238],[24.8505,60.2235],[24.8479,60.223],[24.8398,60.2199],[24.8356,60.2188],[24.833,60.2185],[24.8304,60.2183],[24.8236,60.2186]]}},{"type":"Feature","geometry":{"type":"LineString","coordinates":[[24.9342,60.1897],[24.9332,60.1927],[24.9337,60.1967],[24.9309,60.2022],[24.9256,60.2055],[24.9159,60.2104]]}},{"type":"Feature","geometry":{"type":"LineString","coordinates":[[24.9159,60.2104],[24.9137,60.2114]]}},{"type":"Feature","geometry":{"type":"LineString","coordinates":[[24.9137,60.2114],[24.9107,60.2129],[24.9072,60.2142],[24.8999,60.2161],[24.8905,60.2194]]}},{"type":"Feature","geometry":{"type":"LineString","coordinates":[[24.8905,60.2194],[24.8851,60.2213],[24.8819,60.2219],[24.8782,60.2222],[24.8728,60.2219],[24.8703,60.222],[24.8578,60.2236],[24.8542,60.2238],[24.8509,60.2236],[24.8478,60.223],[24.8456,60.2223],[24.8391,60.2197],[24.8347,60.2187],[24.8322,60.2184],[24.8296,60.2184],[24.8209,60.2189]]}},{"type":"Feature","geometry":{"type":"LineString","coordinates":[[24.9164,60.2101],[24.9136,60.2116]]}},{"type":"Feature","geometry":{"type":"LineString","coordinates":[[24.9136,60.2116],[24.9101,60.2133],[24.9073,60.2143],[24.8996,60.2162],[24.885,60.2213],[24.8827,60.2219],[24.8803,60.2222],[24.878,60.2222],[24.873,60.222],[24.8706,60.222],[24.8575,60.2237],[24.8534,60.2239],[24.8505,60.2236],[24.8478,60.2231],[24.8457,60.2224],[24.8387,60.2197],[24.8359,60.219],[24.833,60.2186],[24.8282,60.2185],[24.8113,60.2196],[24.8055,60.2195]]}},{"type":"Feature","geometry":{"type":"LineString","coordinates":[[24.9336,60.1943],[24.9339,60.1958],[24.9339,60.1968],[24.9312,60.2022],[24.9276,60.2045],[24.9223,60.2073]]}},{"type":"Feature","geometry":{"type":"LineString","coordinates":[[24.9191,60.209],[24.9118,60.2125]]}},{"type":"Feature","geometry":{"type":"LineString","coordinates":[[24.9118,60.2125],[24.9076,60.2143],[24.8997,60.2163],[24.8872,60.2208],[24.8837,60.2217],[24.8814,60.2221],[24.8791,60.2223],[24.8727,60.222],[24.8702,60.2221],[24.8562,60.2239],[24.8523,60.2238],[24.8485,60.2233],[24.8459,60.2225],[24.8385,60.2196],[24.8357,60.219],[24.8326,60.2186],[24.8281,60.2185],[24.8112,60.2196],[24.8024,60.2194]]}},{"type":"Feature","geometry":{"type":"LineString","coordinates":[[24.6522,60.2042],[24.6514,60.2041]]}},{"type":"Feature","geometry":{"type":"LineString","coordinates":[[24.7364,60.2124],[24.7336,60.2122]]}},{"type":"Feature","geometry":{"type":"LineString","coordinates":[[24.7351,60.2123],[24.7349,60.2123]]}},{"type":"Feature","geometry":{"type":"LineString","coordinates":[[21.978,61.3831],[21.9612,61.391]]}},{"type":"Feature","geometry":{"type":"LineString","coordinates":[[22.3207,61.251],[22.3103,61.2525],[22.2948,61.2563]]}},{"type":"Feature","geometry":{"type":"LineString","coordinates":[[23.055,61.4455],[23.0444,61.4414],[23.0421,61.4398],[23.0397,61.4375]]}},{"type":"Feature","geometry":{"type":"LineString","coordinates":[[22.722,61.3014],[22.7187,61.2994],[22.7136,61.2977],[22.7108,61.2972],[22.6994,61.2959]]}},{"type":"Feature","geometry":{"type":"LineString","coordinates":[[22.1378,61.3078],[22.1186,61.3158]]}},{"type":"Feature","geometry":{"type":"LineString","coordinates":[[21.7979,61.4705],[21.7943,61.4727]]}},{"type":"Feature","geometry":{"type":"LineString","coordinates":[[23.6895,61.5091],[23.6842,61.5098],[23.6796,61.5099],[23.675,61.5096],[23.6688,61.5087]]}},{"type":"Feature","geometry":{"type":"LineString","coordinates":[[21.978,61.3831],[21.9612,61.391]]}},{"type":"Feature","geometry":{"type":"LineString","coordinates":[[22.1378,61.3078],[22.1186,61.3158]]}},{"type":"Feature","geometry":{"type":"LineString","coordinates":[[23.3521,61.474],[23.3479,61.4746],[23.3439,61.4748],[23.341,61.4746],[23.3325,61.4737]]}},{"type":"Feature","geometry":{"type":"LineString","coordinates":[[23.5114,61.4873],[23.5087,61.4854],[23.5056,61.4838],[23.4964,61.4799],[23.4935,61.4785]]}},{"type":"Feature","geometry":{"type":"LineString","coordinates":[[21.5268,61.584],[21.5117,61.5901]]}},{"type":"Feature","geometry":{"type":"LineString","coordinates":[[22.3207,61.251],[22.3131,61.252],[22.3102,61.2525],[22.2972,61.2557]]}},{"type":"Feature","geometry":{"type":"LineString","coordinates":[[21.7943,61.4727],[21.7824,61.4799]]}},{"type":"Feature","geometry":{"type":"LineString","coordinates":[[23.2199,61.4669],[23.216,61.4665],[23.2134,61.4661],[23.2008,61.4629]]}},{"type":"Feature","geometry":{"type":"LineString","coordinates":[[22.9033,61.3524],[22.8995,61.3511],[22.8941,61.3499],[22.8911,61.3496],[22.882,61.3493]]}},{"type":"Feature","geometry":{"type":"LineString","coordinates":[[22.9731,61.3991],[22.9707,61.3929],[22.9706,61.3916],[22.9711,61.3893]]}},{"type":"Feature","geometry":{"type":"LineString","coordinates":[[22.5071,61.2972],[22.5039,61.2948],[22.5015,61.2934],[22.4991,61.2923],[22.4933,61.29]]}},{"type":"Feature","geometry":{"type":"LineString","coordinates":[[21.5438,61.5773],[21.5268,61.584]]}},{"type":"Feature","geometry":{"type":"LineString","coordinates":[[21.8003,61.4691],[21.7979,61.4705]]}},{"type":"Feature","geometry":{"type":"LineString","coordinates":[[23.6688,61.5087],[23.6622,61.5074],[23.6569,61.5058],[23.6539,61.5051],[23.6433,61.5035],[23.6383,61.5032],[23.6295,61.5034],[23.6261,61.5033],[23.6067,61.5013],[23.5932,61.5011],[23.5897,61.5008],[23.5859,61.5001],[23.5722,61.4965]]}},{"type":"Feature","geometry":{"type":"LineString","coordinates":[[23.5722,61.4965],[23.5686,61.4956],[23.5587,61.4937],[23.5481,61.492],[23.5433,61.4916],[23.5261,61.4915],[23.5217,61.491],[23.5187,61.4904],[23.5159,61.4896],[23.5136,61.4886],[23.5114,61.4873]]}},{"type":"Feature","geometry":{"type":"LineString","coordinates":[[23.4935,61.4785],[23.4907,61.4771],[23.4879,61.4762],[23.4854,61.4756],[23.4795,61.4748],[23.4767,61.4741],[23.4745,61.4733],[23.4695,61.471],[23.465,61.4698],[23.4556,61.468],[23.4528,61.4675],[23.45,61.4673],[23.4401,61.467],[23.4322,61.4659],[23.4295,61.4658],[23.4263,61.4658],[23.4071,61.4668],[23.3975,61.4668],[23.3944,61.4672],[23.3891,61.4683],[23.3863,61.4687],[23.3672,61.4696],[23.3648,61.47],[23.3626,61.4705],[23.3563,61.473],[23.3521,61.474]]}},{"type":"Feature","geometry":{"type":"LineString","coordinates":[[23.3325,61.4737],[23.3227,61.4726],[23.3181,61.4725],[23.3139,61.4727],[23.3006,61.4744],[23.2974,61.4745],[23.2903,61.4744],[23.2858,61.474],[23.2784,61.4724],[23.2743,61.4721],[23.2662,61.4723],[23.2536,61.4733],[23.2477,61.4732],[23.2434,61.4728],[23.2392,61.472],[23.2354,61.4709],[23.227,61.468],[23.2237,61.4673],[23.2199,61.4669]]}},{"type":"Feature","geometry":{"type":"LineString","coordinates":[[23.2008,61.4629],[23.1939,61.461],[23.1865,61.4586],[23.1804,61.4563],[23.1769,61.4556],[23.1732,61.4554],[23.1686,61.4557],[23.1576,61.4577],[23.1547,61.4583],[23.1475,61.4605],[23.1447,61.4611],[23.1403,61.4616],[23.1355,61.4617],[23.1219,61.4607],[23.1176,61.4606],[23.1143,61.4608],[23.1068,61.4614],[23.1006,61.4624],[23.0982,61.4626],[23.0907,61.4626],[23.0872,61.4624],[23.0847,61.462],[23.0824,61.4614],[23.0793,61.4604],[23.0772,61.4594],[23.0718,61.4562],[23.0622,61.449],[23.0589,61.4471],[23.055,61.4455]]}},{"type":"Feature","geometry":{"type":"LineString","coordinates":[[23.0397,61.4375],[23.0365,61.4339],[23.0344,61.432],[23.0226,61.4243],[23.0046,61.4147],[23.0012,61.4134],[22.9922,61.4105],[22.9781,61.4043],[22.9763,61.4032],[22.9748,61.402],[22.9738,61.4007],[22.9731,61.3991]]}},{"type":"Feature","geometry":{"type":"LineString","coordinates":[[22.9711,61.3893],[22.9715,61.3873],[22.9714,61.3859],[22.9708,61.3844],[22.9697,61.383],[22.9678,61.3815],[22.9528,61.3708],[22.9495,61.3694],[22.9425,61.3675],[22.9326,61.3629],[22.9033,61.3524]]}},{"type":"Feature","geometry":{"type":"LineString","coordinates":[[22.882,61.3493],[22.8781,61.3493],[22.8742,61.3495],[22.8642,61.3509],[22.8612,61.3512],[22.8575,61.3514],[22.8538,61.3512],[22.8505,61.3508],[22.8472,61.3501],[22.8445,61.3494],[22.8377,61.347],[22.83,61.3455],[22.827,61.3448],[22.823,61.3433],[22.8198,61.3414],[22.813,61.3356],[22.8077,61.3319],[22.8015,61.3262],[22.7999,61.3252],[22.7981,61.3243],[22.7944,61.3231],[22.7766,61.3193],[22.7738,61.3182],[22.7694,61.3156],[22.7659,61.3145],[22.7373,61.3095],[22.734,61.3087],[22.7317,61.3079],[22.7297,61.3068],[22.722,61.3014]]}},{"type":"Feature","geometry":{"type":"LineString","coordinates":[[22.6994,61.2959],[22.69,61.2948],[22.6825,61.2933],[22.6781,61.2928],[22.6534,61.2916],[22.6499,61.2916],[22.6463,61.2918],[22.6412,61.2925],[22.6365,61.2936],[22.6332,61.2948],[22.6233,61.2991],[22.6198,61.3002],[22.6159,61.301],[22.6123,61.3016],[22.6086,61.3019],[22.5892,61.3022],[22.5839,61.3026],[22.5626,61.3065],[22.5489,61.3095],[22.5449,61.3099],[22.5421,61.3098],[22.5394,61.3093],[22.5173,61.303],[22.5145,61.3019],[22.512,61.3006],[22.5071,61.2972]]}},{"type":"Feature","geometry":{"type":"LineString","coordinates":[[22.4933,61.29],[22.4781,61.2842],[22.4746,61.2833],[22.4721,61.2831],[22.4695,61.2831],[22.4595,61.2845],[22.4557,61.2847],[22.4532,61.2845],[22.4509,61.2842],[22.4487,61.2837],[22.4467,61.283],[22.4451,61.2822],[22.4438,61.2813],[22.4405,61.2777],[22.4396,61.2764],[22.4371,61.27],[22.4359,61.2685],[22.4331,61.2656],[22.4315,61.2643],[22.4294,61.2631],[22.427,61.2622],[22.4243,61.2615],[22.3903,61.2545],[22.3431,61.249],[22.3396,61.2488],[22.3361,61.249],[22.3207,61.251]]}},{"type":"Feature","geometry":{"type":"LineString","coordinates":[[22.2948,61.2563],[22.2144,61.2763],[22.2106,61.2773],[22.2073,61.2786],[22.1378,61.3078]]}},{"type":"Feature","geometry":{"type":"LineString","coordinates":[[22.1186,61.3158],[22.1037,61.3221],[22.0997,61.3236],[22.0552,61.3373],[22.0351,61.3424],[22.0315,61.3438],[22.0234,61.3476],[22.0205,61.3491],[22.0182,61.3508],[21.9848,61.3791],[21.9818,61.3811],[21.978,61.3831]]}},{"type":"Feature","geometry":{"type":"LineString","coordinates":[[21.9612,61.391],[21.9581,61.3925],[21.956,61.3937],[21.9542,61.3951],[21.9511,61.3983],[21.9493,61.3997],[21.9423,61.4045],[21.9386,61.4064],[21.9358,61.4074],[21.9327,61.4083],[21.9066,61.4141],[21.9025,61.4152],[21.8993,61.4165],[21.8723,61.4283],[21.8553,61.4367],[21.8165,61.4598],[21.8116,61.4624],[21.8003,61.4691]]}},{"type":"Feature","geometry":{"type":"LineString","coordinates":[[21.7824,61.4799],[21.7815,61.4808],[21.7812,61.4818],[21.7812,61.4833],[21.7819,61.4851],[21.7819,61.4859],[21.7812,61.4868],[21.7799,61.4876],[21.7782,61.4881],[21.7754,61.4884],[21.7687,61.4884],[21.7671,61.4885],[21.7534,61.4905],[21.7509,61.4911],[21.7487,61.4918],[21.7332,61.499],[21.7242,61.5043],[21.7218,61.5055],[21.6548,61.5344],[21.6205,61.5483],[21.6012,61.5577],[21.5857,61.5631],[21.5828,61.5639],[21.574,61.5657],[21.5702,61.5668],[21.5438,61.5773]]}},{"type":"Feature","geometry":{"type":"LineString","coordinates":[[21.5109,61.5904],[21.5101,61.5907]]}},{"type":"Feature","geometry":{"type":"LineString","coordinates":[[25.0887,60.4751],[25.0708,60.4846]]}},{"type":"Feature","geometry":{"type":"LineString","coordinates":[[25.1077,60.4073],[25.1087,60.4106]]}},{"type":"Feature","geometry":{"type":"LineString","coordinates":[[24.9342,60.1964],[24.9319,60.2016],[24.9321,60.2039]]}},{"type":"Feature","geometry":{"type":"LineString","coordinates":[[25.0435,60.2905],[25.0459,60.2954],[25.0468,60.298]]}},{"type":"Feature","geometry":{"type":"LineString","coordinates":[[24.9386,60.1822],[24.9367,60.186]]}},{"type":"Feature","geometry":{"type":"LineString","coordinates":[[24.94,60.1787],[24.9386,60.1822]]}},{"type":"Feature","geometry":{"type":"LineString","coordinates":[[23.0791,62.0476],[23.0772,62.0587]]}},{"type":"Feature","geometry":{"type":"LineString","coordinates":[[25.0465,60.2965],[25.0516,60.308]]}},{"type":"Feature","geometry":{"type":"LineString","coordinates":[[23.316,61.833],[23.3059,61.8433]]}},{"type":"Feature","geometry":{"type":"LineString","coordinates":[[22.8933,62.7722],[22.8786,62.7771],[22.865,62.7819],[22.8615,62.7835],[22.8557,62.7868],[22.8502,62.7893]]}},{"type":"Feature","geometry":{"type":"LineString","coordinates":[[25.1004,60.4609],[25.0993,60.4651],[25.0985,60.4669],[25.0969,60.469],[25.0947,60.4711],[25.0901,60.4741],[25.0647,60.4878],[25.0617,60.4895],[25.057,60.4932],[25.0516,60.4988]]}},{"type":"Feature","geometry":{"type":"LineString","coordinates":[[25.1049,60.4013],[25.1085,60.4114]]}},{"type":"Feature","geometry":{"type":"LineString","coordinates":[[24.9413,60.1714],[24.9409,60.1757],[24.9402,60.1775]]}},{"type":"Feature","geometry":{"type":"LineString","coordinates":[[23.7711,61.5043],[23.7682,61.5056],[23.765,61.5062],[23.7621,61.5062],[23.7567,61.5055]]}},{"type":"Feature","geometry":{"type":"LineString","coordinates":[[25.0708,60.4846],[25.0633,60.4888],[25.0601,60.4908]]}},{"type":"Feature","geometry":{"type":"LineString","coordinates":[[23.8501,61.1753],[23.8479,61.1764],[23.8456,61.1773],[23.8374,61.1791]]}},{"type":"Feature","geometry":{"type":"LineString","coordinates":[[25.1033,60.3957],[25.1052,60.4011]]}},{"type":"Feature","geometry":{"type":"LineString","coordinates":[[23.0132,62.2395],[23.009,62.2513]]}},{"type":"Feature","geometry":{"type":"LineString","coordinates":[[24.9322,60.2036],[24.9323,60.2057],[24.9333,60.2078]]}},{"type":"Feature","geometry":{"type":"LineString","coordinates":[[22.9895,62.3056],[22.9854,62.3169]]}},{"type":"Feature","geometry":{"type":"LineString","coordinates":[[23.3982,61.7442],[23.3844,61.7544]]}},{"type":"Feature","geometry":{"type":"LineString","coordinates":[[24.7871,60.7289],[24.7818,60.7345],[24.7806,60.7375],[24.7807,60.7398]]}},{"type":"Feature","geometry":{"type":"LineString","coordinates":[[24.9363,60.1867],[24.9348,60.1899]]}},{"type":"Feature","geometry":{"type":"LineString","coordinates":[[23.696,61.5081],[23.6913,61.5089],[23.679,61.5107],[23.6697,61.5126]]}},{"type":"Feature","geometry":{"type":"LineString","coordinates":[[23.7738,61.4924],[23.7736,61.4961]]}},{"type":"Feature","geometry":{"type":"LineString","coordinates":[[24.9321,60.2039],[24.9322,60.2056],[24.9328,60.207]]}},{"type":"Feature","geometry":{"type":"LineString","coordinates":[[25.0419,60.2872],[25.0431,60.2899],[25.0448,60.2925],[25.0477,60.2997]]}},{"type":"Feature","geometry":{"type":"LineString","coordinates":[[25.0415,60.2865],[25.0483,60.3013]]}},{"type":"Feature","geometry":{"type":"LineString","coordinates":[[23.0386,62.1685],[23.0346,62.1798]]}},{"type":"Feature","geometry":{"type":"LineString","coordinates":[[24.9348,60.1899],[24.9338,60.1927],[24.9344,60.196],[24.9342,60.1979],[24.9326,60.2017],[24.9323,60.2031],[24.9325,60.2058],[24.934,60.2087]]}},{"type":"Feature","geometry":{"type":"LineString","coordinates":[[23.6895,61.5091],[23.6851,61.5098]]}},{"type":"Feature","geometry":{"type":"LineString","coordinates":[[22.9545,62.4685],[22.9538,62.48]]}},{"type":"Feature","geometry":{"type":"LineString","coordinates":[[24.935,60.2107],[24.9365,60.2135],[24.9378,60.2151],[24.9399,60.2168],[24.9426,60.2185],[24.9468,60.2204],[24.957,60.2239],[24.9598,60.2249],[24.975,60.2327]]}},{"type":"Feature","geometry":{"type":"LineString","coordinates":[[23.7736,61.4944],[23.7734,61.5012]]}},{"type":"Feature","geometry":{"type":"LineString","coordinates":[[23.0386,62.1685],[23.0344,62.1805]]}},{"type":"Feature","geometry":{"type":"LineString","coordinates":[[24.9328,60.207],[24.9365,60.2136],[24.9377,60.215],[24.9392,60.2163],[24.9418,60.2181],[24.9448,60.2196],[24.9475,60.2207],[24.9527,60.2225]]}},{"type":"Feature","geometry":{"type":"LineString","coordinates":[[23.4756,61.6783],[23.463,61.6876]]}},{"type":"Feature","geometry":{"type":"LineString","coordinates":[[22.9545,62.4692],[22.9538,62.4806]]}},{"type":"Feature","geometry":{"type":"LineString","coordinates":[[25.109,60.4126],[25.1108,60.418],[25.1111,60.4199],[25.111,60.422],[25.1097,60.4267]]}},{"type":"Feature","geometry":{"type":"LineString","coordinates":[[22.9895,62.3056],[22.9852,62.3176]]}},{"type":"Feature","geometry":{"type":"LineString","coordinates":[[24.9346,60.2099],[24.9365,60.2132],[24.9376,60.2146],[24.9394,60.2163],[24.9418,60.2179],[24.9468,60.2203],[24.9573,60.2239],[24.9599,60.2249],[24.9737,60.232]]}},{"type":"Feature","geometry":{"type":"LineString","coordinates":[[24.9349,60.2102],[24.9365,60.213],[24.9378,60.2147],[24.9398,60.2165],[24.9423,60.2181],[24.9472,60.2204],[24.9605,60.225],[24.9671,60.2283],[24.9722,60.2311]]}},{"type":"Feature","geometry":{"type":"LineString","coordinates":[[23.8647,61.1699],[23.8583,61.1715],[23.856,61.1722],[23.8537,61.1733],[23.8499,61.1755]]}},{"type":"Feature","geometry":{"type":"LineString","coordinates":[[22.8859,62.7745],[22.8644,62.782],[22.8617,62.7833],[22.8562,62.7864],[22.8521,62.7884]]}},{"type":"Feature","geometry":{"type":"LineString","coordinates":[[24.9416,60.1714],[24.9412,60.1754],[24.9402,60.1779]]}},{"type":"Feature","geometry":{"type":"LineString","coordinates":[[23.316,61.833],[23.3059,61.8433]]}},{"type":"Feature","geometry":{"type":"LineString","coordinates":[[25.0477,60.2997],[25.0516,60.3083]]}},{"type":"Feature","geometry":{"type":"LineString","coordinates":[[23.3982,61.7442],[23.3852,61.7538]]}},{"type":"Feature","geometry":{"type":"LineString","coordinates":[[23.0792,62.0469],[23.0768,62.0608]]}},{"type":"Feature","geometry":{"type":"LineString","coordinates":[[25.0997,60.4643],[25.0986,60.4671],[25.0962,60.47],[25.0933,60.4724],[25.0887,60.4751]]}},{"type":"Feature","geometry":{"type":"LineString","coordinates":[[25.0429,60.2896],[25.0441,60.2917],[25.0465,60.2974]]}},{"type":"Feature","geometry":{"type":"LineString","coordinates":[[23.8717,61.1681],[23.8568,61.1719],[23.8539,61.1731],[23.8501,61.1753]]}},{"type":"Feature","geometry":{"type":"LineString","coordinates":[[23.5947,61.5525],[23.5773,61.5606]]}},{"type":"Feature","geometry":{"type":"LineString","coordinates":[[25.0601,60.4908],[25.0572,60.4932],[25.0538,60.4966]]}},{"type":"Feature","geometry":{"type":"LineString","coordinates":[[23.0384,62.1691],[23.0344,62.1805]]}},{"type":"Feature","geometry":{"type":"LineString","coordinates":[[24.935,60.1891],[24.9336,60.1925],[24.9342,60.1964]]}},{"type":"Feature","geometry":{"type":"LineString","coordinates":[[24.9418,60.1714],[24.9414,60.1752],[24.94,60.1787]]}},{"type":"Feature","geometry":{"type":"LineString","coordinates":[[25.103,60.3962],[25.109,60.4126]]}},{"type":"Feature","geometry":{"type":"LineString","coordinates":[[23.2375,61.9082],[23.2267,61.9179]]}},{"type":"Feature","geometry":{"type":"LineString","coordinates":[[23.064,62.1024],[23.0586,62.1132]]}},{"type":"Feature","geometry":{"type":"LineString","coordinates":[[24.9343,60.1966],[24.9339,60.1982],[24.9324,60.2014],[24.9321,60.2035]]}},{"type":"Feature","geometry":{"type":"LineString","coordinates":[[23.5297,61.6205],[23.5267,61.6263],[23.5236,61.6312]]}},{"type":"Feature","geometry":{"type":"LineString","coordinates":[[23.7522,61.3067],[23.757,61.32]]}},{"type":"Feature","geometry":{"type":"LineString","coordinates":[[23.7517,61.3055],[23.7573,61.3211]]}},{"type":"Feature","geometry":{"type":"LineString","coordinates":[[22.9432,62.5436],[22.9408,62.5555]]}},{"type":"Feature","geometry":{"type":"LineString","coordinates":[[23.7734,61.5012],[23.7732,61.5025],[23.7721,61.5036]]}},{"type":"Feature","geometry":{"type":"LineString","coordinates":[[25.1085,60.4114],[25.111,60.4195],[25.1109,60.4217],[25.1099,60.4253]]}},{"type":"Feature","geometry":{"type":"LineString","coordinates":[[24.7871,60.7291],[24.7826,60.7336],[24.7818,60.7346],[24.7806,60.7376],[24.781,60.741]]}},{"type":"Feature","geometry":{"type":"LineString","coordinates":[[25.0414,60.286],[25.0432,60.2899],[25.0446,60.2919],[25.0465,60.2965]]}},{"type":"Feature","geometry":{"type":"LineString","coordinates":[[23.064,62.1024],[23.0586,62.1132]]}},{"type":"Feature","geometry":{"type":"LineString","coordinates":[[22.9545,62.4685],[22.9538,62.4806]]}},{"type":"Feature","geometry":{"type":"LineString","coordinates":[[25.0409,60.2854],[25.0487,60.3025]]}},{"type":"Feature","geometry":{"type":"LineString","coordinates":[[22.9432,62.5436],[22.9408,62.5555]]}},{"type":"Feature","geometry":{"type":"LineString","coordinates":[[24.9384,60.182],[24.9349,60.1895]]}},{"type":"Feature","geometry":{"type":"LineString","coordinates":[[24.9346,60.1905],[24.9339,60.1928],[24.9345,60.196],[24.9343,60.1982],[24.9328,60.2018],[24.9324,60.2037],[24.9327,60.206],[24.9339,60.2084]]}},{"type":"Feature","geometry":{"type":"LineString","coordinates":[[22.9892,62.3063],[22.9852,62.3176]]}},{"type":"Feature","geometry":{"type":"LineString","coordinates":[[24.9402,60.1775],[24.9376,60.1836]]}},{"type":"Feature","geometry":{"type":"LineString","coordinates":[[25.1087,60.4106],[25.1096,60.4136]]}},{"type":"Feature","geometry":{"type":"LineString","coordinates":[[24.9847,60.546],[24.9595,60.5582]]}},{"type":"Feature","geometry":{"type":"LineString","coordinates":[[25.1085,60.411],[25.1109,60.4179],[25.1112,60.4199],[25.111,60.4221],[25.1094,60.4282]]}},{"type":"Feature","geometry":{"type":"LineString","coordinates":[[24.8672,60.6256],[24.853,60.6343]]}},{"type":"Feature","geometry":{"type":"LineString","coordinates":[[22.9372,62.6729],[22.9347,62.6893]]}},{"type":"Feature","geometry":{"type":"LineString","coordinates":[[24.9376,60.1836],[24.935,60.1891]]}},{"type":"Feature","geometry":{"type":"LineString","coordinates":[[23.8678,61.1689],[23.8569,61.1716],[23.8538,61.1729],[23.8515,61.1744]]}},{"type":"Feature","geometry":{"type":"LineString","coordinates":[[23.7736,61.4961],[23.7734,61.5019]]}},{"type":"Feature","geometry":{"type":"LineString","coordinates":[[24.7839,60.7322],[24.7823,60.7337],[24.7816,60.7346],[24.7805,60.7373],[24.7805,60.7388]]}},{"type":"Feature","geometry":{"type":"LineString","coordinates":[[23.7739,61.49],[23.7738,61.4924]]}},{"type":"Feature","geometry":{"type":"LineString","coordinates":[[25.1037,60.3972],[25.1077,60.4073]]}},{"type":"Feature","geometry":{"type":"LineString","coordinates":[[23.7508,61.4604],[23.7539,61.462]]}},{"type":"Feature","geometry":{"type":"LineString","coordinates":[[23.0132,62.2395],[23.009,62.2513]]}},{"type":"Feature","geometry":{"type":"LineString","coordinates":[[23.6973,61.5078],[23.6895,61.5091]]}},{"type":"Feature","geometry":{"type":"LineString","coordinates":[[25.1096,60.4136],[25.1118,60.4201],[25.1117,60.4213],[25.1108,60.4237]]}},{"type":"Feature","geometry":{"type":"LineString","coordinates":[[23.5297,61.6205],[23.5266,61.6263],[23.5236,61.6312]]}},{"type":"Feature","geometry":{"type":"LineString","coordinates":[[24.7835,60.7327],[24.782,60.7344],[24.7809,60.7368],[24.7807,60.7379],[24.7808,60.7398]]}},{"type":"Feature","geometry":{"type":"LineString","coordinates":[[25.1009,60.4593],[25.0988,60.4665],[25.0972,60.4688],[25.095,60.4709],[25.0902,60.4741],[25.062,60.4894],[25.0573,60.4929],[25.0527,60.4978]]}},{"type":"Feature","geometry":{"type":"LineString","coordinates":[[23.3975,61.7447],[23.3844,61.7544]]}},{"type":"Feature","geometry":{"type":"LineString","coordinates":[[23.7737,61.4912],[23.7736,61.4944]]}},{"type":"Feature","geometry":{"type":"LineString","coordinates":[[25.1048,60.4003],[25.1093,60.413]]}},{"type":"Feature","geometry":{"type":"LineString","coordinates":[[24.8192,60.6966],[24.8167,60.6991],[24.8098,60.7046],[24.8063,60.7085]]}},{"type":"Feature","geometry":{"type":"LineString","coordinates":[[23.7531,61.3091],[23.7566,61.3189]]}},{"type":"Feature","geometry":{"type":"LineString","coordinates":[[24.784,60.7322],[24.782,60.7348],[24.7809,60.7376],[24.781,60.7393]]}},{"type":"Feature","geometry":{"type":"LineString","coordinates":[[24.9367,60.186],[24.9346,60.1905]]}},{"type":"Feature","geometry":{"type":"LineString","coordinates":[[24.9402,60.1779],[24.9387,60.1816]]}},{"type":"Feature","geometry":{"type":"LineString","coordinates":[[24.781,60.741],[24.7818,60.7479]]}},{"type":"Feature","geometry":{"type":"LineString","coordinates":[[24.8633,60.6279],[24.8531,60.6341]]}},{"type":"Feature","geometry":{"type":"LineString","coordinates":[[24.9829,60.5469],[24.9732,60.5519],[24.9614,60.5574]]}},{"type":"Feature","geometry":{"type":"LineString","coordinates":[[22.9371,62.6729],[22.9345,62.6892]]}},{"type":"Feature","geometry":{"type":"LineString","coordinates":[[25.1041,60.3985],[25.106,60.4028],[25.1075,60.4071]]}},{"type":"Feature","geometry":{"type":"LineString","coordinates":[[24.7807,60.7398],[24.7811,60.7423]]}},{"type":"Feature","geometry":{"type":"LineString","coordinates":[[24.9349,60.1895],[24.9337,60.1927],[24.9343,60.1966]]}},{"type":"Feature","geometry":{"type":"LineString","coordinates":[[25.1035,60.3973],[25.1085,60.411]]}},{"type":"Feature","geometry":{"type":"LineString","coordinates":[[23.2375,61.9082],[23.2267,61.9179]]}},{"type":"Feature","geometry":{"type":"LineString","coordinates":[[22.9613,62.3942],[22.9585,62.4036],[22.9579,62.4089]]}},{"type":"Feature","geometry":{"type":"LineString","coordinates":[[24.781,60.7393],[24.7818,60.7472]]}},{"type":"Feature","geometry":{"type":"LineString","coordinates":[[24.7878,60.7286],[24.7838,60.7325]]}},{"type":"Feature","geometry":{"type":"LineString","coordinates":[[24.8531,60.6341],[24.8502,60.636],[24.8476,60.6379],[24.8454,60.64],[24.8436,60.6422],[24.8422,60.6444],[24.8412,60.6467],[24.8406,60.649],[24.8403,60.6515]]}},{"type":"Feature","geometry":{"type":"LineString","coordinates":[[22.9613,62.3942],[22.9584,62.4036],[22.9579,62.4089]]}},{"type":"Feature","geometry":{"type":"LineString","coordinates":[[25.1093,60.413],[25.1111,60.4182],[25.1114,60.4205],[25.1111,60.4225],[25.1089,60.4304]]}},{"type":"Feature","geometry":{"type":"LineString","coordinates":[[24.9415,60.1714],[24.9411,60.1754],[24.9401,60.178]]}},{"type":"Feature","geometry":{"type":"LineString","coordinates":[[24.9387,60.1816],[24.9363,60.1867]]}},{"type":"Feature","geometry":{"type":"LineString","coordinates":[[23.8711,61.1681],[23.8574,61.1716],[23.8547,61.1726],[23.8515,61.1744]]}},{"type":"Feature","geometry":{"type":"LineString","coordinates":[[23.1441,61.9844],[23.132,61.9939]]}},{"type":"Feature","geometry":{"type":"LineString","coordinates":[[24.9476,60.2209],[24.9592,60.2248],[24.9722,60.2313]]}},{"type":"Feature","geometry":{"type":"LineString","coordinates":[[23.4756,61.6783],[23.4716,61.6815],[23.463,61.6876]]}},{"type":"Feature","geometry":{"type":"LineString","coordinates":[[23.7734,61.5019],[23.7729,61.503],[23.7711,61.5043]]}},{"type":"Feature","geometry":{"type":"LineString","coordinates":[[23.5947,61.5525],[23.5773,61.5606]]}},{"type":"Feature","geometry":{"type":"LineString","coordinates":[[23.0792,62.0469],[23.0779,62.0556],[23.0768,62.0608]]}},{"type":"Feature","geometry":{"type":"LineString","coordinates":[[24.7832,60.7331],[24.7823,60.7346],[24.7812,60.7372],[24.781,60.7393]]}},{"type":"Feature","geometry":{"type":"LineString","coordinates":[[23.1441,61.9844],[23.132,61.9939]]}},{"type":"Feature","geometry":{"type":"LineString","coordinates":[[24.9831,60.5469],[24.9613,60.5574]]}},{"type":"Feature","geometry":{"type":"LineString","coordinates":[[23.7721,61.5036],[23.7701,61.5048]]}},{"type":"Feature","geometry":{"type":"LineString","coordinates":[[24.87,60.6237],[24.8536,60.6339]]}},{"type":"Feature","geometry":{"type":"LineString","coordinates":[[24.8686,60.6247],[24.853,60.6343]]}},{"type":"Feature","geometry":{"type":"LineString","coordinates":[[24.9401,60.178],[24.9384,60.182]]}},{"type":"Feature","geometry":{"type":"LineString","coordinates":[[23.8515,61.1744],[23.8485,61.1761],[23.8463,61.177],[23.844,61.1777],[23.8395,61.1786]]}},{"type":"Feature","geometry":{"type":"LineString","coordinates":[[24.4919,60.9934],[24.4871,60.9975],[24.4835,60.9998],[24.4796,61.0019],[24.4729,61.0047]]}},{"type":"Feature","geometry":{"type":"LineString","coordinates":[[24.4912,60.994],[24.4871,60.9976],[24.4829,61.0003],[24.4776,61.0029],[24.4729,61.0047]]}},{"type":"Feature","geometry":{"type":"LineString","coordinates":[[24.49,60.9952],[24.4869,60.9978],[24.4822,61.0009],[24.4788,61.0026],[24.4739,61.0044]]}},{"type":"Feature","geometry":{"type":"LineString","coordinates":[[24.4888,60.9963],[24.4866,60.9981],[24.482,61.0011],[24.4785,61.0028],[24.4739,61.0044]]}},{"type":"Feature","geometry":{"type":"LineString","coordinates":[[25.0995,60.4637],[25.0987,60.4661],[25.0976,60.468],[25.0959,60.4699],[25.0937,60.4718],[25.0899,60.4741],[25.0624,60.489],[25.0577,60.4924],[25.0543,60.4959]]}},{"type":"Feature","geometry":{"type":"LineString","coordinates":[[24.379,61.0417],[24.3732,61.0459],[24.3624,61.0524]]}},{"type":"Feature","geometry":{"type":"LineString","coordinates":[[24.6484,60.9104],[24.6381,60.9188],[24.6357,60.9214],[24.6333,60.9247]]}},{"type":"Feature","geometry":{"type":"LineString","coordinates":[[24.6483,60.9105],[24.6385,60.9185],[24.6361,60.921],[24.6334,60.9245]]}},{"type":"Feature","geometry":{"type":"LineString","coordinates":[[24.3782,61.0423],[24.3764,61.0438],[24.3733,61.046],[24.3658,61.0506],[24.3624,61.0524]]}},{"type":"Feature","geometry":{"type":"LineString","coordinates":[[24.6496,60.9094],[24.6379,60.9189],[24.6354,60.9217],[24.6325,60.9258]]}},{"type":"Feature","geometry":{"type":"LineString","coordinates":[[23.8725,61.1678],[23.8678,61.1689]]}},{"type":"Feature","geometry":{"type":"LineString","coordinates":[[23.8687,61.1688],[23.8647,61.1699]]}},{"type":"Feature","geometry":{"type":"LineString","coordinates":[[24.8203,60.6955],[24.8165,60.699],[24.8109,60.7034],[24.8086,60.7055],[24.8019,60.7136],[24.7961,60.7197],[24.7912,60.7243],[24.7871,60.7289]]}},{"type":"Feature","geometry":{"type":"LineString","coordinates":[[24.8192,60.6966],[24.8165,60.6992],[24.811,60.7034],[24.8087,60.7055],[24.8021,60.7136],[24.7962,60.7197],[24.7913,60.7243],[24.7871,60.7291]]}},{"type":"Feature","geometry":{"type":"LineString","coordinates":[[24.8536,60.6339],[24.8505,60.6358],[24.8479,60.6378],[24.8457,60.6398],[24.8439,60.642],[24.8424,60.6442],[24.8414,60.6464],[24.8403,60.6515]]}},{"type":"Feature","geometry":{"type":"LineString","coordinates":[[24.853,60.6343],[24.85,60.6363],[24.8474,60.6383],[24.8451,60.6405],[24.8434,60.6428],[24.8421,60.645],[24.8412,60.6473],[24.8401,60.6534]]}},{"type":"Feature","geometry":{"type":"LineString","coordinates":[[24.8402,60.6522],[24.8399,60.6547]]}},{"type":"Feature","geometry":{"type":"LineString","coordinates":[[24.8401,60.6534],[24.8401,60.6535]]}},{"type":"Feature","geometry":{"type":"LineString","coordinates":[[25.1002,60.4618],[25.0995,60.4637]]}},{"type":"Feature","geometry":{"type":"LineString","coordinates":[[24.8403,60.6515],[24.8402,60.6522]]}},{"type":"Feature","geometry":{"type":"LineString","coordinates":[[23.6697,61.5126],[23.6653,61.5136],[23.6616,61.5147],[23.6582,61.516],[23.6551,61.5175],[23.6513,61.5199],[23.6367,61.5317],[23.632,61.5348],[23.6277,61.5371],[23.5947,61.5525]]}},{"type":"Feature","geometry":{"type":"LineString","coordinates":[[23.5773,61.5606],[23.573,61.5627],[23.5697,61.5647],[23.5667,61.5671],[23.5644,61.5695],[23.5387,61.6083],[23.5319,61.6169],[23.5297,61.6205]]}},{"type":"Feature","geometry":{"type":"LineString","coordinates":[[23.5236,61.6312],[23.5123,61.6481],[23.5095,61.6514],[23.5068,61.6538],[23.4756,61.6783]]}},{"type":"Feature","geometry":{"type":"LineString","coordinates":[[23.463,61.6876],[23.4468,61.6994],[23.4147,61.7318],[23.4123,61.7338],[23.3982,61.7442]]}},{"type":"Feature","geometry":{"type":"LineString","coordinates":[[23.3844,61.7544],[23.3807,61.7574],[23.378,61.7603],[23.3537,61.7941],[23.316,61.833]]}},{"type":"Feature","geometry":{"type":"LineString","coordinates":[[23.3059,61.8433],[23.2795,61.8704],[23.2375,61.9082]]}},{"type":"Feature","geometry":{"type":"LineString","coordinates":[[23.2267,61.9179],[23.2094,61.9333],[23.1441,61.9844]]}},{"type":"Feature","geometry":{"type":"LineString","coordinates":[[23.132,61.9939],[23.1189,62.0042],[23.0845,62.0372],[23.0825,62.0395],[23.0809,62.0419],[23.0798,62.0444],[23.0792,62.0469]]}},{"type":"Feature","geometry":{"type":"LineString","coordinates":[[23.0768,62.0608],[23.0725,62.0849],[23.064,62.1024]]}},{"type":"Feature","geometry":{"type":"LineString","coordinates":[[23.0586,62.1132],[23.0573,62.1161],[23.0386,62.1685]]}},{"type":"Feature","geometry":{"type":"LineString","coordinates":[[23.0344,62.1805],[23.0132,62.2395]]}},{"type":"Feature","geometry":{"type":"LineString","coordinates":[[23.009,62.2513],[22.9895,62.3056]]}},{"type":"Feature","geometry":{"type":"LineString","coordinates":[[22.9852,62.3176],[22.983,62.3237],[22.9613,62.3942]]}},{"type":"Feature","geometry":{"type":"LineString","coordinates":[[22.9579,62.4089],[22.9545,62.4685]]}},{"type":"Feature","geometry":{"type":"LineString","coordinates":[[22.9538,62.4806],[22.953,62.4933],[22.9432,62.5436]]}},{"type":"Feature","geometry":{"type":"LineString","coordinates":[[22.9408,62.5555],[22.94,62.5612],[22.9423,62.6384],[22.9412,62.6466]]}},{"type":"Feature","geometry":{"type":"LineString","coordinates":[[22.9412,62.6466],[22.9371,62.6729]]}},{"type":"Feature","geometry":{"type":"LineString","coordinates":[[22.9345,62.6892],[22.9312,62.7093],[22.9128,62.7552]]}},{"type":"Feature","geometry":{"type":"LineString","coordinates":[[22.9128,62.7552],[22.9122,62.7567]]}},{"type":"Feature","geometry":{"type":"LineString","coordinates":[[22.9122,62.7567],[22.9109,62.7596],[22.9092,62.762],[22.9069,62.7644],[22.904,62.7667],[22.9007,62.7686],[22.897,62.7704],[22.8859,62.7745]]}},{"type":"Feature","geometry":{"type":"LineString","coordinates":[[22.9412,62.6466],[22.9372,62.6729]]}},{"type":"Feature","geometry":{"type":"LineString","coordinates":[[22.9347,62.6893],[22.9312,62.7095],[22.9129,62.7553]]}},{"type":"Feature","geometry":{"type":"LineString","coordinates":[[22.9129,62.7553],[22.9122,62.7571]]}},{"type":"Feature","geometry":{"type":"LineString","coordinates":[[22.9122,62.7571],[22.9112,62.7594],[22.9099,62.7614],[22.9082,62.7634],[22.906,62.7654],[22.9034,62.7672],[22.8987,62.77],[22.8964,62.7711],[22.8933,62.7722]]}},{"type":"Feature","geometry":{"type":"LineString","coordinates":[[23.7567,61.5055],[23.7532,61.5052],[23.7516,61.5048],[23.7476,61.5032],[23.7459,61.5027],[23.739,61.502],[23.7373,61.5016],[23.733,61.5003],[23.7312,61.5],[23.7292,61.5],[23.7272,61.5002],[23.7253,61.5007],[23.717,61.5041],[23.7149,61.5048],[23.7053,61.5069],[23.6995,61.5075],[23.696,61.5081]]}},{"type":"Feature","geometry":{"type":"LineString","coordinates":[[23.7539,61.462],[23.7579,61.4641],[23.7605,61.466],[23.7675,61.4746],[23.7736,61.4863],[23.7739,61.4877],[23.7739,61.49]]}},{"type":"Feature","geometry":{"type":"LineString","coordinates":[[23.7701,61.5048],[23.7682,61.5055],[23.7661,61.506],[23.7638,61.5062],[23.7615,61.5061],[23.7524,61.505],[23.7506,61.5045],[23.7478,61.5032],[23.7461,61.5027],[23.7391,61.5019],[23.7373,61.5016],[23.7331,61.5002],[23.7312,61.5],[23.7292,61.5],[23.7271,61.5002],[23.7252,61.5006],[23.7169,61.5041],[23.7149,61.5047],[23.7053,61.5069],[23.6997,61.5074],[23.6973,61.5078]]}},{"type":"Feature","geometry":{"type":"LineString","coordinates":[[23.7523,61.4182],[23.7521,61.4204]]}},{"type":"Feature","geometry":{"type":"LineString","coordinates":[[23.7521,61.4204],[23.7517,61.4225],[23.751,61.4241],[23.7469,61.4292],[23.7443,61.4345],[23.7388,61.4409],[23.7379,61.4428],[23.7375,61.4447],[23.7381,61.4489],[23.7399,61.4519],[23.7416,61.4535],[23.7477,61.4585],[23.7508,61.4604]]}},{"type":"Feature","geometry":{"type":"LineString","coordinates":[[23.7523,61.4181],[23.7521,61.4192]]}},{"type":"Feature","geometry":{"type":"LineString","coordinates":[[23.7521,61.4192],[23.7517,61.4221],[23.7509,61.4241],[23.7467,61.4292],[23.7442,61.4344],[23.7388,61.4408],[23.7379,61.4424],[23.7375,61.444],[23.7379,61.4482],[23.739,61.4508],[23.7409,61.453],[23.7463,61.4575]]}},{"type":"Feature","geometry":{"type":"LineString","coordinates":[[23.7463,61.4575],[23.7495,61.4598],[23.7539,61.462]]}},{"type":"Feature","geometry":{"type":"LineString","coordinates":[[24.7838,60.764],[24.7839,60.7643]]}},{"type":"Feature","geometry":{"type":"LineString","coordinates":[[24.7839,60.7643],[24.785,60.7736],[24.7848,60.7755],[24.7841,60.7774],[24.7828,60.7794],[24.7645,60.8034],[24.763,60.806],[24.7608,60.8116]]}},{"type":"Feature","geometry":{"type":"LineString","coordinates":[[24.7608,60.8116],[24.7601,60.8133]]}},{"type":"Feature","geometry":{"type":"LineString","coordinates":[[24.7601,60.8133],[24.7581,60.8184],[24.7569,60.8207],[24.7553,60.8232],[24.7532,60.8255],[24.75,60.828],[24.7127,60.8529],[24.7111,60.8544],[24.7099,60.856],[24.7079,60.8597],[24.704,60.8661],[24.7022,60.8679],[24.696,60.8729]]}},{"type":"Feature","geometry":{"type":"LineString","coordinates":[[24.696,60.8729],[24.6959,60.8729]]}},{"type":"Feature","geometry":{"type":"LineString","coordinates":[[24.6959,60.8729],[24.6484,60.9104]]}},{"type":"Feature","geometry":{"type":"LineString","coordinates":[[24.6333,60.9247],[24.6224,60.9406],[24.6188,60.9439],[24.6141,60.9468],[24.6105,60.9485],[24.6065,60.95],[24.6023,60.9512],[24.5978,60.9522],[24.5932,60.9529],[24.5885,60.9534],[24.5843,60.9536],[24.5777,60.9536]]}},{"type":"Feature","geometry":{"type":"LineString","coordinates":[[24.5777,60.9536],[24.5762,60.9537]]}},{"type":"Feature","geometry":{"type":"LineString","coordinates":[[24.5762,60.9537],[24.5609,60.9539],[24.5562,60.9543],[24.5516,60.9551],[24.5481,60.956],[24.5449,60.9571],[24.5278,60.9641],[24.5228,60.9668],[24.5185,60.9698],[24.494,60.9916]]}},{"type":"Feature","geometry":{"type":"LineString","coordinates":[[24.494,60.9916],[24.49,60.9952]]}},{"type":"Feature","geometry":{"type":"LineString","coordinates":[[24.4739,61.0044],[24.4696,61.0059]]}},{"type":"Feature","geometry":{"type":"LineString","coordinates":[[24.4696,61.0059],[24.4668,61.0071],[24.4649,61.008],[24.4619,61.0107],[24.4606,61.0116],[24.4563,61.0132],[24.452,61.0143],[24.4438,61.0153],[24.4414,61.0158],[24.4085,61.0258],[24.405,61.027],[24.4019,61.0284],[24.3878,61.0354],[24.3842,61.0377],[24.379,61.0417]]}},{"type":"Feature","geometry":{"type":"LineString","coordinates":[[24.3624,61.0524],[24.3595,61.0541],[24.3568,61.0553],[24.3536,61.0564],[24.3501,61.0574],[24.3463,61.0581],[24.3335,61.0598],[24.324,61.0614],[24.3189,61.0621],[24.3126,61.0625],[24.3063,61.0625],[24.2683,61.0609],[24.2634,61.0609],[24.2526,61.0615],[24.2472,61.0621],[24.2411,61.0632],[24.2347,61.0649]]}},{"type":"Feature","geometry":{"type":"LineString","coordinates":[[24.2347,61.0649],[24.2304,61.0662]]}},{"type":"Feature","geometry":{"type":"LineString","coordinates":[[24.2304,61.0662],[24.1827,61.0797],[24.1791,61.0804],[24.158,61.084],[24.1534,61.0851],[24.1504,61.086],[24.1476,61.0872],[24.1331,61.0947],[24.1297,61.0961],[24.1246,61.0975],[24.1111,61.1]]}},{"type":"Feature","geometry":{"type":"LineString","coordinates":[[23.995,61.1337],[23.9949,61.1338]]}},{"type":"Feature","geometry":{"type":"LineString","coordinates":[[23.8374,61.1791],[23.8125,61.1843],[23.8085,61.1855],[23.8046,61.1871],[23.7891,61.1944],[23.7837,61.1975],[23.7809,61.1996],[23.7786,61.2018],[23.7734,61.2083]]}},{"type":"Feature","geometry":{"type":"LineString","coordinates":[[23.759,61.2611],[23.7589,61.2612]]}},{"type":"Feature","geometry":{"type":"LineString","coordinates":[[23.757,61.32],[23.7581,61.3231],[23.7585,61.3254],[23.7593,61.3403],[23.7631,61.3531],[23.7635,61.3559],[23.7631,61.3615],[23.7596,61.3707]]}},{"type":"Feature","geometry":{"type":"LineString","coordinates":[[23.7596,61.3707],[23.7595,61.3708]]}},{"type":"Feature","geometry":{"type":"LineString","coordinates":[[24.1111,61.1],[24.1109,61.1]]}},{"type":"Feature","geometry":{"type":"LineString","coordinates":[[23.7725,61.2095],[23.7677,61.2158],[23.7644,61.2207],[23.763,61.2232],[23.7621,61.2257],[23.7616,61.2289],[23.7619,61.2348],[23.7638,61.2479],[23.7639,61.2507],[23.7634,61.2531],[23.7625,61.2555],[23.759,61.2611]]}},{"type":"Feature","geometry":{"type":"LineString","coordinates":[[24.1109,61.1],[24.1015,61.1017],[24.0914,61.104],[24.0877,61.1053],[24.0771,61.1098],[24.0723,61.1111],[24.0671,61.1118],[24.0475,61.1129],[24.0438,61.1135],[24.0403,61.1143],[24.0063,61.1263],[24.0024,61.1284],[23.995,61.1337]]}},{"type":"Feature","geometry":{"type":"LineString","coordinates":[[23.9949,61.1338],[23.9844,61.1413],[23.9822,61.1426],[23.9798,61.1437],[23.9277,61.1605],[23.921,61.1621],[23.9139,61.1631],[23.9043,61.164],[23.8891,61.1647],[23.8849,61.165],[23.8807,61.1658],[23.8717,61.1681]]}},{"type":"Feature","geometry":{"type":"LineString","coordinates":[[23.7589,61.2612],[23.7548,61.2676],[23.7472,61.2903],[23.7474,61.2932],[23.7522,61.3067]]}},{"type":"Feature","geometry":{"type":"LineString","coordinates":[[23.7595,61.3708],[23.7566,61.3789],[23.7566,61.3809],[23.758,61.3859],[23.7581,61.388],[23.7546,61.4004],[23.7523,61.4181]]}},{"type":"Feature","geometry":{"type":"LineString","coordinates":[[23.7734,61.2083],[23.7725,61.2095]]}},{"type":"Feature","geometry":{"type":"LineString","coordinates":[[23.7449,61.4565],[23.7495,61.4599],[23.7584,61.4645],[23.7602,61.4658],[23.7616,61.4672],[23.7645,61.4711],[23.7672,61.4743],[23.7685,61.4763],[23.7736,61.4865],[23.7738,61.4879],[23.7737,61.4912]]}},{"type":"Feature","geometry":{"type":"LineString","coordinates":[[23.7524,61.4169],[23.7519,61.4203]]}},{"type":"Feature","geometry":{"type":"LineString","coordinates":[[23.7519,61.4203],[23.7515,61.4224],[23.7507,61.4242],[23.7467,61.4292],[23.7441,61.4344],[23.7387,61.4408],[23.7375,61.4437],[23.7374,61.4453],[23.7377,61.4478],[23.7387,61.4505],[23.7406,61.4528],[23.7449,61.4565]]}},{"type":"Feature","geometry":{"type":"LineString","coordinates":[[24.784,60.7655],[24.7849,60.7737],[24.7847,60.7756],[24.784,60.7775],[24.7827,60.7795],[24.7645,60.8032],[24.763,60.8059],[24.7611,60.8105]]}},{"type":"Feature","geometry":{"type":"LineString","coordinates":[[24.7611,60.8105],[24.7596,60.8144]]}},{"type":"Feature","geometry":{"type":"LineString","coordinates":[[24.7596,60.8144],[24.758,60.8185],[24.7566,60.8211],[24.755,60.8234],[24.753,60.8255],[24.7499,60.828],[24.7126,60.8529],[24.711,60.8544],[24.7098,60.856],[24.7079,60.8597],[24.704,60.866],[24.7023,60.8677],[24.6972,60.8718]]}},{"type":"Feature","geometry":{"type":"LineString","coordinates":[[24.6972,60.8718],[24.6946,60.8739]]}},{"type":"Feature","geometry":{"type":"LineString","coordinates":[[24.6946,60.8739],[24.6496,60.9094]]}},{"type":"Feature","geometry":{"type":"LineString","coordinates":[[24.6325,60.9258],[24.6224,60.9406],[24.6189,60.9438],[24.6143,60.9467],[24.6109,60.9483],[24.6071,60.9497],[24.6031,60.9509],[24.5988,60.9519],[24.5944,60.9527],[24.5898,60.9532],[24.5854,60.9535],[24.58,60.9536]]}},{"type":"Feature","geometry":{"type":"LineString","coordinates":[[24.58,60.9536],[24.5738,60.9536]]}},{"type":"Feature","geometry":{"type":"LineString","coordinates":[[24.5738,60.9536],[24.5638,60.9537],[24.5602,60.9539],[24.5554,60.9544],[24.5508,60.9553],[24.5476,60.9561],[24.5445,60.9572],[24.5269,60.9645],[24.5222,60.9671],[24.5183,60.9699],[24.4926,60.9927]]}},{"type":"Feature","geometry":{"type":"LineString","coordinates":[[24.4926,60.9927],[24.4912,60.994]]}},{"type":"Feature","geometry":{"type":"LineString","coordinates":[[24.4729,61.0047],[24.4716,61.0052]]}},{"type":"Feature","geometry":{"type":"LineString","coordinates":[[24.4716,61.0052],[24.4655,61.0076],[24.4641,61.0085],[24.4609,61.0113],[24.4593,61.0121],[24.4563,61.0132],[24.4521,61.0142],[24.4439,61.0152],[24.4416,61.0157],[24.4084,61.0258],[24.4051,61.0269],[24.4021,61.0283],[24.3881,61.0352],[24.3845,61.0375],[24.3802,61.0407]]}},{"type":"Feature","geometry":{"type":"LineString","coordinates":[[24.3802,61.0407],[24.3776,61.0427]]}},{"type":"Feature","geometry":{"type":"LineString","coordinates":[[24.3776,61.0427],[24.3722,61.0465],[24.3591,61.0543],[24.3564,61.0554],[24.3534,61.0565],[24.3502,61.0573],[24.3468,61.0579],[24.3341,61.0597],[24.3222,61.0616],[24.3174,61.0621],[24.3126,61.0624],[24.3043,61.0624],[24.2667,61.0608],[24.2626,61.0608],[24.2538,61.0614],[24.2485,61.0619],[24.2433,61.0627],[24.239,61.0637],[24.2326,61.0655]]}},{"type":"Feature","geometry":{"type":"LineString","coordinates":[[24.2326,61.0655],[24.2324,61.0655]]}},{"type":"Feature","geometry":{"type":"LineString","coordinates":[[24.2324,61.0655],[24.1827,61.0796],[24.179,61.0804],[24.1579,61.084],[24.1532,61.0851],[24.1503,61.086],[24.1475,61.0872],[24.1331,61.0946],[24.1299,61.096],[24.1249,61.0974],[24.1133,61.0995]]}},{"type":"Feature","geometry":{"type":"LineString","coordinates":[[24.1133,61.0995],[24.1086,61.1004]]}},{"type":"Feature","geometry":{"type":"LineString","coordinates":[[24.1086,61.1004],[24.101,61.1018],[24.0911,61.104],[24.0876,61.1053],[24.0771,61.1097],[24.0723,61.1111],[24.0671,61.1118],[24.0475,61.1129],[24.0438,61.1134],[24.0404,61.1142],[24.0065,61.1262],[24.0025,61.1282],[23.9963,61.1327]]}},{"type":"Feature","geometry":{"type":"LineString","coordinates":[[23.9963,61.1327],[23.9935,61.1347]]}},{"type":"Feature","geometry":{"type":"LineString","coordinates":[[23.9935,61.1347],[23.9842,61.1414],[23.982,61.1426],[23.9795,61.1437],[23.9273,61.1606],[23.9205,61.1621],[23.9133,61.1631],[23.9041,61.164],[23.8891,61.1646],[23.8849,61.165],[23.8807,61.1658],[23.8711,61.1681]]}},{"type":"Feature","geometry":{"type":"LineString","coordinates":[[23.8395,61.1786],[23.8128,61.1842],[23.809,61.1853],[23.8053,61.1867],[23.7893,61.1942],[23.7842,61.1971],[23.7813,61.1992],[23.7789,61.2014],[23.7742,61.2072]]}},{"type":"Feature","geometry":{"type":"LineString","coordinates":[[23.7742,61.2072],[23.7716,61.2105]]}},{"type":"Feature","geometry":{"type":"LineString","coordinates":[[23.7716,61.2105],[23.7675,61.216],[23.7641,61.2211],[23.7628,61.2235],[23.7619,61.226],[23.7615,61.229],[23.7619,61.2349],[23.7637,61.2479],[23.7638,61.2504],[23.7634,61.2528],[23.7626,61.2551],[23.7597,61.26]]}},{"type":"Feature","geometry":{"type":"LineString","coordinates":[[23.7597,61.26],[23.7581,61.2623]]}},{"type":"Feature","geometry":{"type":"LineString","coordinates":[[23.7581,61.2623],[23.7546,61.2677],[23.7471,61.2903],[23.7473,61.2932],[23.7517,61.3055]]}},{"type":"Feature","geometry":{"type":"LineString","coordinates":[[23.7573,61.3211],[23.7585,61.3256],[23.7592,61.3402],[23.763,61.3531],[23.7634,61.3558],[23.763,61.3614],[23.7599,61.3695]]}},{"type":"Feature","geometry":{"type":"LineString","coordinates":[[23.7599,61.3695],[23.759,61.3719]]}},{"type":"Feature","geometry":{"type":"LineString","coordinates":[[23.759,61.3719],[23.7565,61.3789],[23.7565,61.3809],[23.7579,61.3859],[23.758,61.3879],[23.7545,61.4003],[23.7524,61.4169]]}},{"type":"Feature","geometry":{"type":"LineString","coordinates":[[24.7818,60.7472],[24.7837,60.7622]]}},{"type":"Feature","geometry":{"type":"LineString","coordinates":[[24.7837,60.7622],[24.7838,60.764]]}},{"type":"Feature","geometry":{"type":"LineString","coordinates":[[24.7818,60.7479],[24.7837,60.7631]]}},{"type":"Feature","geometry":{"type":"LineString","coordinates":[[24.7837,60.7631],[24.7838,60.764]]}},{"type":"Feature","geometry":{"type":"LineString","coordinates":[[24.7811,60.7423],[24.7835,60.7619]]}},{"type":"Feature","geometry":{"type":"LineString","coordinates":[[24.7835,60.7619],[24.784,60.7655]]}},{"type":"Feature","geometry":{"type":"LineString","coordinates":[[25.0516,60.4988],[25.0311,60.5212],[25.029,60.5231],[25.0265,60.525],[25.0238,60.5268],[25.0208,60.5284],[24.9847,60.546]]}},{"type":"Feature","geometry":{"type":"LineString","coordinates":[[24.9595,60.5582],[24.9457,60.565],[24.9425,60.5669],[24.9395,60.5691],[24.9369,60.5715],[24.9347,60.574],[24.9288,60.5847],[24.9273,60.5867],[24.9254,60.5887],[24.9232,60.5907],[24.9206,60.5926],[24.9063,60.6014]]}},{"type":"Feature","geometry":{"type":"LineString","coordinates":[[24.9063,60.6014],[24.9062,60.6015]]}},{"type":"Feature","geometry":{"type":"LineString","coordinates":[[24.9062,60.6015],[24.87,60.6237]]}},{"type":"Feature","geometry":{"type":"LineString","coordinates":[[24.8399,60.6547],[24.8371,60.6749],[24.8358,60.6789],[24.8343,60.6814],[24.8323,60.6839],[24.8204,60.6954]]}},{"type":"Feature","geometry":{"type":"LineString","coordinates":[[25.0527,60.4978],[25.0312,60.5212],[25.0291,60.5232],[25.0266,60.5251],[25.0239,60.5268],[25.0208,60.5285],[24.9831,60.5469]]}},{"type":"Feature","geometry":{"type":"LineString","coordinates":[[24.9613,60.5574],[24.946,60.5649],[24.9426,60.5669],[24.9397,60.569],[24.937,60.5715],[24.9348,60.5741],[24.9289,60.5846],[24.9257,60.5886],[24.9234,60.5906],[24.9208,60.5925],[24.9078,60.6005]]}},{"type":"Feature","geometry":{"type":"LineString","coordinates":[[24.9078,60.6005],[24.9047,60.6024]]}},{"type":"Feature","geometry":{"type":"LineString","coordinates":[[24.9047,60.6024],[24.8686,60.6247]]}},{"type":"Feature","geometry":{"type":"LineString","coordinates":[[24.8401,60.6535],[24.8371,60.6749],[24.836,60.6786],[24.8345,60.6812],[24.8325,60.6838],[24.8216,60.6943]]}},{"type":"Feature","geometry":{"type":"LineString","coordinates":[[24.8216,60.6943],[24.8192,60.6966]]}},{"type":"Feature","geometry":{"type":"LineString","coordinates":[[24.8204,60.6954],[24.8203,60.6955]]}},{"type":"Feature","geometry":{"type":"LineString","coordinates":[[25.1097,60.4267],[25.1069,60.4369]]}},{"type":"Feature","geometry":{"type":"LineString","coordinates":[[25.1069,60.4369],[25.1009,60.4592]]}},{"type":"Feature","geometry":{"type":"LineString","coordinates":[[25.1009,60.4592],[25.1004,60.4609]]}},{"type":"Feature","geometry":{"type":"LineString","coordinates":[[25.1094,60.4282],[25.1009,60.4593]]}},{"type":"Feature","geometry":{"type":"LineString","coordinates":[[25.1089,60.4305],[25.1014,60.458]]}},{"type":"Feature","geometry":{"type":"LineString","coordinates":[[25.1014,60.458],[25.0997,60.4643]]}},{"type":"Feature","geometry":{"type":"LineString","coordinates":[[24.9339,60.2084],[24.9349,60.2102]]}},{"type":"Feature","geometry":{"type":"LineString","coordinates":[[24.9722,60.2311],[24.9802,60.2352]]}},{"type":"Feature","geometry":{"type":"LineString","coordinates":[[24.9802,60.2352],[25.0104,60.2507],[25.0167,60.2545]]}},{"type":"Feature","geometry":{"type":"LineString","coordinates":[[25.0167,60.2545],[25.0198,60.2565]]}},{"type":"Feature","geometry":{"type":"LineString","coordinates":[[25.0198,60.2565],[25.0283,60.2622],[25.0302,60.2637],[25.0316,60.2654],[25.0362,60.2744],[25.0414,60.286]]}},{"type":"Feature","geometry":{"type":"LineString","coordinates":[[25.0516,60.308],[25.0555,60.3147],[25.0563,60.3181],[25.0574,60.3201],[25.0589,60.322],[25.068,60.3318],[25.0696,60.3339],[25.0711,60.3367]]}},{"type":"Feature","geometry":{"type":"LineString","coordinates":[[25.0711,60.3367],[25.074,60.3424]]}},{"type":"Feature","geometry":{"type":"LineString","coordinates":[[25.074,60.3424],[25.0826,60.3587],[25.0843,60.3608],[25.0924,60.3694],[25.0948,60.3729],[25.0978,60.3801],[25.1037,60.3972]]}},{"type":"Feature","geometry":{"type":"LineString","coordinates":[[24.934,60.2087],[24.9346,60.2099]]}},{"type":"Feature","geometry":{"type":"LineString","coordinates":[[24.9737,60.232],[24.9785,60.2344]]}},{"type":"Feature","geometry":{"type":"LineString","coordinates":[[24.9785,60.2344],[25.0088,60.25],[25.0138,60.2527],[25.0181,60.2555]]}},{"type":"Feature","geometry":{"type":"LineString","coordinates":[[25.0181,60.2555],[25.0182,60.2556]]}},{"type":"Feature","geometry":{"type":"LineString","coordinates":[[25.0182,60.2556],[25.0275,60.2617],[25.0297,60.2636],[25.0315,60.2657],[25.033,60.2682],[25.0419,60.2872]]}},{"type":"Feature","geometry":{"type":"LineString","coordinates":[[25.0516,60.3083],[25.0561,60.318],[25.0574,60.3202],[25.0593,60.3227],[25.0674,60.3313],[25.0697,60.3345],[25.0716,60.3379]]}},{"type":"Feature","geometry":{"type":"LineString","coordinates":[[25.0716,60.3379],[25.0733,60.3412]]}},{"type":"Feature","geometry":{"type":"LineString","coordinates":[[25.0733,60.3412],[25.0825,60.3586],[25.0845,60.3612],[25.0923,60.3695],[25.0947,60.373],[25.1041,60.3985]]}},{"type":"Feature","geometry":{"type":"LineString","coordinates":[[24.9343,60.1966],[24.934,60.1984],[24.9324,60.2019],[24.9322,60.2036]]}},{"type":"Feature","geometry":{"type":"LineString","coordinates":[[24.9333,60.2078],[24.935,60.2107]]}},{"type":"Feature","geometry":{"type":"LineString","coordinates":[[24.975,60.2327],[24.9771,60.2338]]}},{"type":"Feature","geometry":{"type":"LineString","coordinates":[[24.9771,60.2338],[25.0083,60.2498],[25.0133,60.2525],[25.0166,60.2546]]}},{"type":"Feature","geometry":{"type":"LineString","coordinates":[[25.0166,60.2546],[25.0196,60.2566]]}},{"type":"Feature","geometry":{"type":"LineString","coordinates":[[25.0196,60.2566],[25.0277,60.262],[25.0298,60.2639],[25.0316,60.2659],[25.033,60.2683],[25.0415,60.2865]]}},{"type":"Feature","geometry":{"type":"LineString","coordinates":[[25.0483,60.3013],[25.0569,60.3197],[25.059,60.3225],[25.0676,60.3317],[25.0698,60.3349],[25.0718,60.3386]]}},{"type":"Feature","geometry":{"type":"LineString","coordinates":[[25.0718,60.3386],[25.0729,60.3406]]}},{"type":"Feature","geometry":{"type":"LineString","coordinates":[[25.0729,60.3406],[25.0824,60.3587],[25.0843,60.3612],[25.0922,60.3695],[25.0947,60.373],[25.0957,60.3752],[25.1035,60.3973]]}},{"type":"Feature","geometry":{"type":"LineString","coordinates":[[24.9342,60.1964],[24.9339,60.1979],[24.9322,60.2016],[24.9321,60.2039]]}},{"type":"Feature","geometry":{"type":"LineString","coordinates":[[24.9527,60.2225],[24.9574,60.224],[24.9601,60.2251],[24.9722,60.2313]]}},{"type":"Feature","geometry":{"type":"LineString","coordinates":[[24.9722,60.2313],[24.9786,60.2346]]}},{"type":"Feature","geometry":{"type":"LineString","coordinates":[[24.9786,60.2346],[25.0098,60.2508],[25.0142,60.2532],[25.0179,60.2556]]}},{"type":"Feature","geometry":{"type":"LineString","coordinates":[[25.0179,60.2556],[25.0181,60.2557]]}},{"type":"Feature","geometry":{"type":"LineString","coordinates":[[25.0181,60.2557],[25.027,60.2616],[25.0295,60.2637],[25.0313,60.2656],[25.0328,60.2681],[25.0409,60.2854]]}},{"type":"Feature","geometry":{"type":"LineString","coordinates":[[25.0487,60.3025],[25.0569,60.3198],[25.059,60.3225],[25.0673,60.3314],[25.0694,60.3344],[25.0712,60.3375]]}},{"type":"Feature","geometry":{"type":"LineString","coordinates":[[25.0712,60.3375],[25.0734,60.3418]]}},{"type":"Feature","geometry":{"type":"LineString","coordinates":[[25.0734,60.3418],[25.0823,60.3587],[25.0843,60.3612],[25.0921,60.3695],[25.0946,60.373],[25.0956,60.3752],[25.103,60.3962]]}},{"type":"Feature","geometry":{"type":"LineString","coordinates":[[23.7741,61.4884],[23.7743,61.4892],[23.775,61.4899],[23.776,61.4905],[23.7775,61.491],[23.7803,61.4915],[23.7849,61.4914]]}},{"type":"Feature","geometry":{"type":"LineString","coordinates":[[25.291,62.6979],[25.2798,62.701],[25.2766,62.7021]]}},{"type":"Feature","geometry":{"type":"LineString","coordinates":[[25.5573,63.3671],[25.5553,63.3759]]}},{"type":"Feature","geometry":{"type":"LineString","coordinates":[[25.7625,62.2452],[25.7646,62.2463],[25.7689,62.2478],[25.7712,62.2494]]}},{"type":"Feature","geometry":{"type":"LineString","coordinates":[[25.7705,62.5865],[25.7586,62.5925]]}},{"type":"Feature","geometry":{"type":"LineString","coordinates":[[25.2623,62.9792],[25.2727,62.9851]]}},{"type":"Feature","geometry":{"type":"LineString","coordinates":[[25.5507,63.189],[25.5459,63.1961]]}},{"type":"Feature","geometry":{"type":"LineString","coordinates":[[25.7586,62.5925],[25.7555,62.5939],[25.7421,62.5988]]}},{"type":"Feature","geometry":{"type":"LineString","coordinates":[[25.8587,62.5585],[25.8574,62.5594],[25.8559,62.56],[25.8432,62.5639]]}},{"type":"Feature","geometry":{"type":"LineString","coordinates":[[25.884,62.3699],[25.8855,62.3714],[25.888,62.3728],[25.8972,62.3767]]}},{"type":"Feature","geometry":{"type":"LineString","coordinates":[[25.3438,63.7515],[25.3416,63.7524]]}},{"type":"Feature","geometry":{"type":"LineString","coordinates":[[25.7712,62.2494],[25.7734,62.2514],[25.7747,62.2524],[25.7775,62.2538],[25.7808,62.2551],[25.7845,62.2561],[25.8273,62.2661],[25.8299,62.267],[25.8322,62.268],[25.8342,62.2693],[25.8357,62.2706],[25.8372,62.2729],[25.8374,62.2753],[25.8333,62.2922],[25.8306,62.2985],[25.8305,62.3],[25.8309,62.3015],[25.8318,62.3029],[25.8332,62.3042],[25.8419,62.3099],[25.8447,62.3122],[25.8631,62.3343],[25.8725,62.3425],[25.874,62.3441],[25.8755,62.3471],[25.8763,62.3528],[25.88,62.3588],[25.8824,62.3675],[25.884,62.3699]]}},{"type":"Feature","geometry":{"type":"LineString","coordinates":[[25.8972,62.3767],[25.8995,62.3779],[25.9015,62.3794],[25.9025,62.3807],[25.9053,62.3859],[25.9066,62.3876],[25.9193,62.3987],[25.9214,62.4012],[25.923,62.4048],[25.9236,62.4068],[25.9243,62.4228]]}},{"type":"Feature","geometry":{"type":"LineString","coordinates":[[25.9243,62.4228],[25.9248,62.4259],[25.9255,62.4271],[25.9266,62.4283],[25.9289,62.4299],[25.9383,62.4348],[25.9402,62.4362],[25.9414,62.4378],[25.9419,62.4398],[25.9418,62.4471],[25.9447,62.4582],[25.9448,62.4596],[25.9443,62.4609],[25.9436,62.4622],[25.9424,62.4633],[25.9372,62.4667],[25.9351,62.4687],[25.9287,62.4831],[25.9217,62.4948],[25.9204,62.4964],[25.8747,62.532],[25.8727,62.5339],[25.8693,62.5388]]}},{"type":"Feature","geometry":{"type":"LineString","coordinates":[[25.8693,62.5388],[25.8632,62.5477],[25.8602,62.5569],[25.8597,62.5577],[25.8587,62.5585]]}},{"type":"Feature","geometry":{"type":"LineString","coordinates":[[25.8432,62.5639],[25.8375,62.5655],[25.8136,62.5708],[25.81,62.5717],[25.7756,62.5842],[25.7705,62.5865]]}},{"type":"Feature","geometry":{"type":"LineString","coordinates":[[25.7421,62.5988],[25.7394,62.5997],[25.7373,62.6002],[25.7302,62.6007],[25.7273,62.6012],[25.7092,62.6061],[25.6676,62.6231],[25.6645,62.624],[25.6611,62.6245],[25.6339,62.6262],[25.6295,62.6263],[25.6252,62.6261],[25.6188,62.6252],[25.607,62.6228],[25.5958,62.6198],[25.5935,62.6193],[25.588,62.6186],[25.5731,62.6174],[25.567,62.6175],[25.5645,62.6176],[25.5444,62.6202],[25.5416,62.6211],[25.5395,62.6222],[25.5385,62.6232],[25.5365,62.6259],[25.534,62.6278],[25.5157,62.6382],[25.5132,62.6392],[25.507,62.6406],[25.4927,62.6422],[25.4893,62.6429],[25.4877,62.6435],[25.484,62.6453],[25.4823,62.646],[25.4575,62.6533],[25.4459,62.6582],[25.4195,62.6667],[25.4096,62.6707],[25.4055,62.672],[25.3999,62.6732],[25.3519,62.6798],[25.3475,62.6806],[25.3437,62.6816],[25.3353,62.6846],[25.3322,62.6855],[25.3284,62.6863],[25.3205,62.6876],[25.3168,62.6885],[25.2985,62.6957],[25.291,62.6979]]}},{"type":"Feature","geometry":{"type":"LineString","coordinates":[[25.2766,62.7021],[25.269,62.7053],[25.2653,62.7066],[25.2613,62.7075],[25.2525,62.709],[25.2468,62.7106],[25.2419,62.7125],[25.2377,62.7148],[25.2197,62.7287],[25.2173,62.7312],[25.2164,62.7329],[25.2159,62.7346],[25.2151,62.746],[25.2146,62.7471],[25.2137,62.7482],[25.2124,62.7492],[25.2107,62.75],[25.1886,62.7588],[25.1872,62.7597],[25.1861,62.7607],[25.1854,62.7617],[25.1851,62.7628],[25.1864,62.784],[25.1869,62.7861],[25.188,62.7881],[25.1899,62.79],[25.1918,62.7914],[25.1983,62.7954],[25.2,62.7969],[25.2014,62.7984],[25.2025,62.8007],[25.2057,62.8132],[25.2053,62.816],[25.1961,62.8403],[25.196,62.8421],[25.1976,62.8616],[25.1967,62.8642],[25.1935,62.8691],[25.1929,62.8717],[25.1926,62.8865],[25.1929,62.8883],[25.1985,62.9071],[25.2071,62.9223],[25.2076,62.9235],[25.2073,62.9252],[25.2025,62.9327],[25.2022,62.934],[25.2024,62.9353],[25.2031,62.9365],[25.2043,62.9377],[25.2059,62.9388],[25.208,62.9397],[25.2322,62.9466],[25.2345,62.9476],[25.2389,62.95],[25.2414,62.9509],[25.2442,62.9516],[25.2501,62.9526],[25.2529,62.9533],[25.2575,62.9552],[25.2599,62.9567],[25.2614,62.9579],[25.2623,62.9593],[25.2628,62.9606],[25.2629,62.962],[25.262,62.9641],[25.2593,62.9673],[25.2583,62.9688],[25.2576,62.9706],[25.2575,62.9725],[25.258,62.9742],[25.2589,62.976],[25.2604,62.9776],[25.2623,62.9792]]}},{"type":"Feature","geometry":{"type":"LineString","coordinates":[[25.2727,62.9851],[25.3017,63.0012],[25.3165,63.0142],[25.3182,63.0162],[25.3294,63.039],[25.3325,63.0536],[25.3304,63.065],[25.3206,63.0797],[25.3202,63.081],[25.3205,63.0824],[25.3213,63.0834],[25.3226,63.0843],[25.3293,63.0884],[25.3326,63.09],[25.3356,63.0911],[25.3389,63.092],[25.348,63.0935],[25.3513,63.0943],[25.355,63.0958],[25.3578,63.0976],[25.3657,63.1048],[25.3674,63.1068],[25.3682,63.1085],[25.3743,63.127],[25.3759,63.1294],[25.3797,63.1328],[25.3834,63.135],[25.3881,63.1368],[25.3934,63.1382],[25.3992,63.139],[25.4047,63.1392],[25.4102,63.139],[25.4149,63.1384],[25.4213,63.1372],[25.4242,63.1369],[25.4279,63.1369],[25.4315,63.1374],[25.4337,63.138],[25.4357,63.1388],[25.4427,63.1429],[25.4463,63.1444],[25.4869,63.1551],[25.4899,63.1562],[25.4926,63.1575],[25.5223,63.175],[25.5247,63.1763],[25.5293,63.178],[25.5459,63.1825],[25.5486,63.1836],[25.5504,63.1848],[25.5513,63.1862],[25.5514,63.1876],[25.5507,63.189]]}},{"type":"Feature","geometry":{"type":"LineString","coordinates":[[25.5459,63.1961],[25.5451,63.1979],[25.5456,63.1997],[25.5552,63.2098],[25.5566,63.2118],[25.5574,63.2145],[25.557,63.2171],[25.5547,63.2217],[25.5529,63.2239],[25.5293,63.2411],[25.5275,63.2433],[25.527,63.2456],[25.5275,63.2475],[25.5289,63.2492],[25.5368,63.2549],[25.5401,63.2569],[25.5481,63.2604],[25.5502,63.2617],[25.552,63.2631],[25.5534,63.2647],[25.5625,63.2767],[25.5638,63.2794],[25.5639,63.2817],[25.5632,63.284],[25.5619,63.2859],[25.5582,63.2896],[25.5568,63.2927],[25.5558,63.3199],[25.5567,63.3222],[25.5584,63.3244],[25.5676,63.3317],[25.5695,63.3335],[25.571,63.336],[25.5714,63.3387],[25.5709,63.3406],[25.5698,63.3425],[25.5622,63.3505],[25.5607,63.3526],[25.5573,63.3671]]}},{"type":"Feature","geometry":{"type":"LineString","coordinates":[[25.5553,63.3759],[25.5548,63.3775],[25.5539,63.3791],[25.5525,63.3807],[25.5506,63.3821],[25.5332,63.3919],[25.5301,63.3934],[25.5259,63.3948],[25.4819,63.4071],[25.4637,63.4144],[25.4267,63.4269],[25.4227,63.4288],[25.4156,63.4333],[25.4017,63.4383],[25.3992,63.4394],[25.3966,63.441],[25.3948,63.4427],[25.3802,63.464],[25.3794,63.4662],[25.3794,63.4684],[25.3849,63.4857],[25.3879,63.4982],[25.3876,63.5012],[25.3765,63.5292],[25.3609,63.5476],[25.3545,63.5584],[25.3511,63.5681],[25.3499,63.5697],[25.3431,63.5761],[25.3419,63.5783],[25.3415,63.5807],[25.3433,63.5954],[25.3592,63.6269],[25.3627,63.6506],[25.3887,63.6975],[25.389,63.6993],[25.3871,63.7031],[25.3628,63.733],[25.3555,63.7453],[25.3537,63.747],[25.3512,63.7486],[25.3491,63.7495],[25.3438,63.7515]]}},{"type":"Feature","geometry":{"type":"LineString","coordinates":[[27.2016,63.5585],[27.1982,63.5688]]}},{"type":"Feature","geometry":{"type":"LineString","coordinates":[[27.4017,63.3545],[27.398,63.3568],[27.3957,63.3585],[27.3922,63.3626]]}},{"type":"Feature","geometry":{"type":"LineString","coordinates":[[26.8857,61.4149],[26.8842,61.4184],[26.8801,61.4231],[26.8792,61.4244],[26.8787,61.4263],[26.8788,61.4286]]}},{"type":"Feature","geometry":{"type":"LineString","coordinates":[[27.6391,62.889],[27.6503,62.894],[27.6548,62.8955],[27.6583,62.8963],[27.6621,62.8968],[27.6653,62.8971],[27.6699,62.8971]]}},{"type":"Feature","geometry":{"type":"LineString","coordinates":[[27.3143,61.8037],[27.316,61.8089],[27.3159,61.8108],[27.3152,61.813]]}},{"type":"Feature","geometry":{"type":"LineString","coordinates":[[27.1672,62.2963],[27.1673,62.2984]]}},{"type":"Feature","geometry":{"type":"LineString","coordinates":[[27.1669,62.2984],[27.1672,62.3036],[27.1678,62.3057]]}},{"type":"Feature","geometry":{"type":"LineString","coordinates":[[27.1691,62.3091],[27.1728,62.3175]]}},{"type":"Feature","geometry":{"type":"LineString","coordinates":[[27.2043,62.0186],[27.2031,62.0207],[27.2026,62.0224],[27.2028,62.0284]]}},{"type":"Feature","geometry":{"type":"LineString","coordinates":[[27.2859,61.9084],[27.2817,61.9208]]}},{"type":"Feature","geometry":{"type":"LineString","coordinates":[[27.2117,63.6304],[27.2099,63.6316],[27.2018,63.6356],[27.2002,63.6368],[27.1987,63.6384]]}},{"type":"Feature","geometry":{"type":"LineString","coordinates":[[27.1678,62.3047],[27.168,62.3063]]}},{"type":"Feature","geometry":{"type":"LineString","coordinates":[[27.5169,62.7713],[27.5273,62.7797]]}},{"type":"Feature","geometry":{"type":"LineString","coordinates":[[26.7893,61.0935],[26.8046,61.0984]]}},{"type":"Feature","geometry":{"type":"LineString","coordinates":[[27.4131,62.719],[27.4176,62.7199],[27.4223,62.7212],[27.4248,62.7222],[27.4303,62.7248]]}},{"type":"Feature","geometry":{"type":"LineString","coordinates":[[27.1682,62.3071],[27.1691,62.3091]]}},{"type":"Feature","geometry":{"type":"LineString","coordinates":[[27.571,64.0572],[27.5817,64.0662]]}},{"type":"Feature","geometry":{"type":"LineString","coordinates":[[27.1686,62.3077],[27.169,62.3086]]}},{"type":"Feature","geometry":{"type":"LineString","coordinates":[[28.1218,64.3346],[28.105,64.3428]]}},{"type":"Feature","geometry":{"type":"LineString","coordinates":[[27.6679,63.0721],[27.6669,63.0737],[27.6646,63.0819],[27.6637,63.0829],[27.6625,63.0837],[27.6589,63.085]]}},{"type":"Feature","geometry":{"type":"LineString","coordinates":[[26.6749,60.9354],[26.6755,60.938],[26.6768,60.9402],[26.6785,60.9419],[26.6828,60.9454]]}},{"type":"Feature","geometry":{"type":"LineString","coordinates":[[27.1675,62.2989],[27.1678,62.3047]]}},{"type":"Feature","geometry":{"type":"LineString","coordinates":[[27.1755,62.4462],[27.1754,62.4553]]}},{"type":"Feature","geometry":{"type":"LineString","coordinates":[[27.5379,63.1959],[27.5369,63.1986],[27.5335,63.2039]]}},{"type":"Feature","geometry":{"type":"LineString","coordinates":[[27.2496,63.5166],[27.2448,63.5226]]}},{"type":"Feature","geometry":{"type":"LineString","coordinates":[[27.6589,63.085],[27.6562,63.086],[27.6534,63.0878]]}},{"type":"Feature","geometry":{"type":"LineString","coordinates":[[26.9586,61.5231],[26.9745,61.5303]]}},{"type":"Feature","geometry":{"type":"LineString","coordinates":[[26.7095,61.003],[26.7187,61.0125]]}},{"type":"Feature","geometry":{"type":"LineString","coordinates":[[27.7297,64.2194],[27.7489,64.2201],[27.7557,64.221]]}},{"type":"Feature","geometry":{"type":"LineString","coordinates":[[27.1752,62.3221],[27.1831,62.3352],[27.1879,62.3418]]}},{"type":"Feature","geometry":{"type":"LineString","coordinates":[[27.1728,62.3175],[27.1752,62.3221]]}},{"type":"Feature","geometry":{"type":"LineString","coordinates":[[27.1678,62.3057],[27.1682,62.3071]]}},{"type":"Feature","geometry":{"type":"LineString","coordinates":[[26.7919,61.188],[26.7863,61.1981]]}},{"type":"Feature","geometry":{"type":"LineString","coordinates":[[26.842,61.3014],[26.8443,61.3043],[26.8467,61.3063],[26.8498,61.3081],[26.8542,61.31]]}},{"type":"Feature","geometry":{"type":"LineString","coordinates":[[27.6391,62.889],[27.6506,62.8941],[27.6552,62.8956],[27.6589,62.8963],[27.6627,62.8969],[27.6658,62.897],[27.6714,62.8971]]}},{"type":"Feature","geometry":{"type":"LineString","coordinates":[[27.6679,63.0721],[27.6671,63.0739],[27.6653,63.0808]]}},{"type":"Feature","geometry":{"type":"LineString","coordinates":[[27.5817,64.0662],[27.5928,64.0755]]}},{"type":"Feature","geometry":{"type":"LineString","coordinates":[[27.1954,62.5353],[27.1868,62.5435]]}},{"type":"Feature","geometry":{"type":"LineString","coordinates":[[28.121,64.335],[28.1059,64.3425]]}},{"type":"Feature","geometry":{"type":"LineString","coordinates":[[27.2015,63.5588],[27.1979,63.5693]]}},{"type":"Feature","geometry":{"type":"LineString","coordinates":[[27.1679,62.3056],[27.1686,62.3077]]}},{"type":"Feature","geometry":{"type":"LineString","coordinates":[[27.4188,63.8616],[27.4244,63.8665],[27.4257,63.8689]]}},{"type":"Feature","geometry":{"type":"LineString","coordinates":[[27.285,62.6746],[27.2908,62.6833]]}},{"type":"Feature","geometry":{"type":"LineString","coordinates":[[27.1995,62.1578],[27.2083,62.1684]]}},{"type":"Feature","geometry":{"type":"LineString","coordinates":[[27.1673,62.2984],[27.1677,62.3041]]}},{"type":"Feature","geometry":{"type":"LineString","coordinates":[[27.125,62.6161],[27.1248,62.6177],[27.1252,62.621],[27.1244,62.6268]]}},{"type":"Feature","geometry":{"type":"LineString","coordinates":[[27.7189,62.9933],[27.7223,62.9951],[27.7244,62.9967],[27.7256,62.9985],[27.7262,63.0008]]}},{"type":"Feature","geometry":{"type":"LineString","coordinates":[[27.2303,63.7044],[27.2281,63.7088],[27.2277,63.7115]]}},{"type":"Feature","geometry":{"type":"LineString","coordinates":[[27.0691,61.6352],[27.0718,61.6413],[27.0738,61.6436]]}},{"type":"Feature","geometry":{"type":"LineString","coordinates":[[27.1667,62.2964],[27.1669,62.2984]]}},{"type":"Feature","geometry":{"type":"LineString","coordinates":[[27.3143,63.456],[27.3101,63.4617],[27.3069,63.4644]]}},{"type":"Feature","geometry":{"type":"LineString","coordinates":[[27.2744,61.6839],[27.2769,61.686],[27.2807,61.6923],[27.2832,61.6944]]}},{"type":"Feature","geometry":{"type":"LineString","coordinates":[[27.1677,62.3041],[27.1678,62.3057]]}},{"type":"Feature","geometry":{"type":"LineString","coordinates":[[27.571,64.0572],[27.5811,64.0656]]}},{"type":"Feature","geometry":{"type":"LineString","coordinates":[[27.6699,62.8971],[27.687,62.8973]]}},{"type":"Feature","geometry":{"type":"LineString","coordinates":[[27.6883,62.8974],[27.6914,62.8975]]}},{"type":"Feature","geometry":{"type":"LineString","coordinates":[[27.687,62.8973],[27.6883,62.8974]]}},{"type":"Feature","geometry":{"type":"LineString","coordinates":[[27.6914,62.8975],[27.6943,62.8978],[27.7049,62.8982]]}},{"type":"Feature","geometry":{"type":"LineString","coordinates":[[27.7049,62.8982],[27.7092,62.8983]]}},{"type":"Feature","geometry":{"type":"LineString","coordinates":[[27.1982,63.5688],[27.1944,63.5802],[27.194,63.5819],[27.1945,63.5846],[27.1973,63.5897]]}},{"type":"Feature","geometry":{"type":"LineString","coordinates":[[26.6923,60.8648],[26.6831,60.8642],[26.6764,60.8636],[26.6744,60.8636],[26.6723,60.8638],[26.6693,60.8645],[26.6668,60.8655],[26.665,60.867],[26.6641,60.8686],[26.6641,60.8701],[26.6651,60.8725],[26.6665,60.874],[26.6686,60.8753],[26.6715,60.8764],[26.682,60.8792],[26.6851,60.8802],[26.6937,60.8835],[26.6981,60.8857],[26.7007,60.8877],[26.7028,60.8898],[26.7042,60.892],[26.7049,60.8944],[26.705,60.8962],[26.7046,60.8981],[26.7038,60.9],[26.7026,60.9017],[26.6942,60.911],[26.6925,60.9124],[26.688,60.9153],[26.6857,60.9174],[26.6758,60.9293],[26.675,60.9307],[26.6746,60.9321],[26.6749,60.9354]]}},{"type":"Feature","geometry":{"type":"LineString","coordinates":[[26.6828,60.9454],[26.6871,60.9489],[26.6893,60.9511],[26.6912,60.9538],[26.6924,60.9566],[26.6928,60.9595],[26.6922,60.98],[26.6926,60.9817],[26.6953,60.9876],[26.6971,60.9904],[26.7095,61.003]]}},{"type":"Feature","geometry":{"type":"LineString","coordinates":[[26.7187,61.0125],[26.7261,61.0201],[26.7273,61.0216],[26.7282,61.0238],[26.7282,61.0281],[26.7288,61.0303],[26.7298,61.0318],[26.7361,61.0396],[26.737,61.0411],[26.7373,61.0429],[26.736,61.0598],[26.7364,61.0615],[26.7375,61.0632],[26.7397,61.065],[26.7447,61.0676],[26.747,61.0693],[26.7484,61.0711],[26.7497,61.0747],[26.751,61.0768],[26.7532,61.0791],[26.7562,61.0812],[26.7586,61.0825],[26.7613,61.0836],[26.7893,61.0935]]}},{"type":"Feature","geometry":{"type":"LineString","coordinates":[[26.8046,61.0984],[26.8167,61.1023],[26.8197,61.1036],[26.8223,61.1051],[26.8247,61.1071],[26.8264,61.1092],[26.8273,61.1115],[26.8274,61.1138],[26.8264,61.1166],[26.821,61.1246],[26.8207,61.1259],[26.8206,61.1289],[26.8199,61.1307],[26.8186,61.1324],[26.8138,61.1366],[26.8124,61.1381],[26.8115,61.1397],[26.8092,61.1453],[26.809,61.1464],[26.8093,61.1475],[26.8116,61.151],[26.8132,61.1549],[26.8133,61.1572],[26.8126,61.1595],[26.8056,61.1692],[26.8015,61.1737],[26.7994,61.1773],[26.7919,61.188]]}},{"type":"Feature","geometry":{"type":"LineString","coordinates":[[26.7863,61.1981],[26.783,61.2043],[26.7825,61.2063],[26.7825,61.2084],[26.7831,61.2162],[26.7838,61.218],[26.7857,61.2218],[26.7864,61.2243],[26.7863,61.2268],[26.785,61.2309],[26.7848,61.2325],[26.785,61.2342],[26.7865,61.2386],[26.7863,61.2458],[26.787,61.2481],[26.7896,61.2535],[26.7916,61.2561],[26.7966,61.2605],[26.7993,61.2619],[26.8091,61.2662],[26.812,61.2679],[26.8144,61.2699],[26.82,61.276],[26.8313,61.2858],[26.8324,61.2874],[26.8356,61.2934],[26.842,61.3014]]}},{"type":"Feature","geometry":{"type":"LineString","coordinates":[[26.8542,61.31],[26.8811,61.3214],[26.8836,61.3227],[26.8858,61.3241],[26.8953,61.3329],[26.897,61.3349],[26.8981,61.337],[26.9006,61.3452],[26.901,61.3469],[26.9009,61.3484],[26.9004,61.35],[26.8995,61.3516],[26.8971,61.3545],[26.8852,61.3656],[26.884,61.3673],[26.8833,61.369],[26.8832,61.3707],[26.8837,61.3724],[26.889,61.3797],[26.8939,61.3907],[26.8948,61.3933],[26.8953,61.3971],[26.8986,61.4012],[26.8991,61.4028],[26.8987,61.4043],[26.8974,61.4058],[26.89,61.4097],[26.8879,61.4111],[26.8866,61.4127],[26.8857,61.4149]]}},{"type":"Feature","geometry":{"type":"LineString","coordinates":[[26.8788,61.4286],[26.8792,61.4316],[26.879,61.4334],[26.8785,61.4349],[26.8765,61.4386],[26.8759,61.4409],[26.8763,61.4436],[26.8777,61.4462],[26.8796,61.4481],[26.8822,61.4498],[26.8848,61.451],[26.8905,61.453],[26.8977,61.4568],[26.8997,61.4587],[26.9016,61.4627],[26.9038,61.4652],[26.9065,61.4671],[26.9128,61.4702],[26.915,61.4717],[26.9179,61.4756],[26.9213,61.4783],[26.9225,61.4796],[26.924,61.4835],[26.9239,61.4873]]}},{"type":"Feature","geometry":{"type":"LineString","coordinates":[[26.9239,61.4873],[26.9239,61.4902],[26.9244,61.4913],[26.9252,61.4923],[26.9403,61.503],[26.9426,61.5052],[26.944,61.5075],[26.9447,61.5109],[26.9453,61.5124],[26.9494,61.5176],[26.951,61.519],[26.953,61.5204],[26.9586,61.5231]]}},{"type":"Feature","geometry":{"type":"LineString","coordinates":[[26.9745,61.5303],[26.9831,61.5343],[26.9892,61.5367],[26.9924,61.5384],[26.9947,61.5398],[26.9966,61.5414],[26.9983,61.543],[26.9995,61.5447],[27.0005,61.5467],[27.0044,61.558],[27.0119,61.5725],[27.0125,61.575],[27.0124,61.5789],[27.0101,61.5857],[27.01,61.5883],[27.0112,61.5913],[27.0156,61.5969],[27.0172,61.5985],[27.0193,61.6],[27.0358,61.6107],[27.0376,61.6123],[27.0403,61.6153],[27.0427,61.6172],[27.0468,61.6199],[27.0529,61.6232],[27.0593,61.6276],[27.0662,61.6316],[27.068,61.6332],[27.0691,61.6352]]}},{"type":"Feature","geometry":{"type":"LineString","coordinates":[[27.0738,61.6436],[27.0756,61.6451],[27.0846,61.6511],[27.0968,61.6572],[27.1001,61.6593],[27.1027,61.6621],[27.1077,61.6707],[27.1095,61.6725],[27.1117,61.6741],[27.1156,61.6761],[27.1247,61.6795],[27.1344,61.6844],[27.1384,61.6858],[27.1428,61.6869],[27.1477,61.6876],[27.1528,61.688],[27.1751,61.6887],[27.1786,61.6886],[27.1821,61.6884],[27.188,61.6876],[27.2349,61.6784],[27.2388,61.6778],[27.2429,61.6776],[27.2462,61.6776],[27.2494,61.6778],[27.2597,61.679],[27.2629,61.6795],[27.2661,61.6803],[27.2697,61.6814],[27.2726,61.6827],[27.2744,61.6839]]}},{"type":"Feature","geometry":{"type":"LineString","coordinates":[[27.2832,61.6944],[27.2852,61.6961],[27.2866,61.6978],[27.2902,61.7029],[27.2908,61.7052],[27.2902,61.7076],[27.2873,61.7114],[27.2863,61.7131],[27.2825,61.7253],[27.2824,61.7275],[27.2836,61.7317],[27.2841,61.737],[27.3045,61.7788],[27.3049,61.7807],[27.3056,61.7884],[27.3062,61.7902],[27.3072,61.792],[27.312,61.7978],[27.3143,61.8037]]}},{"type":"Feature","geometry":{"type":"LineString","coordinates":[[27.3152,61.813],[27.3104,61.8269],[27.3078,61.8327],[27.3047,61.8525],[27.3047,61.8575],[27.3038,61.8624],[27.3059,61.8728],[27.3052,61.8805],[27.3045,61.8821],[27.3033,61.8836],[27.3018,61.8851],[27.2982,61.8878],[27.2967,61.8891],[27.2897,61.8982],[27.2887,61.9001],[27.2859,61.9084]]}},{"type":"Feature","geometry":{"type":"LineString","coordinates":[[27.2817,61.9208],[27.2686,61.9592],[27.2672,61.9618],[27.2488,61.9789],[27.2205,61.9964],[27.2177,61.9983],[27.2157,62.0007],[27.2043,62.0186]]}},{"type":"Feature","geometry":{"type":"LineString","coordinates":[[27.2028,62.0284],[27.2063,62.049],[27.2048,62.0564],[27.2048,62.0687],[27.214,62.0941],[27.2171,62.1144],[27.2168,62.116],[27.2158,62.1176],[27.2042,62.1286],[27.2023,62.1308],[27.2014,62.1325],[27.197,62.1522],[27.1975,62.155],[27.1995,62.1578]]}},{"type":"Feature","geometry":{"type":"LineString","coordinates":[[27.2083,62.1684],[27.2105,62.1712],[27.2115,62.1733],[27.2159,62.1868],[27.2161,62.1886],[27.2158,62.1904],[27.2085,62.207],[27.2067,62.2088],[27.1937,62.2185],[27.1915,62.2205],[27.1903,62.2224],[27.182,62.2377],[27.1814,62.2405],[27.1824,62.2547],[27.1822,62.2567],[27.1801,62.2628],[27.1788,62.2653],[27.1694,62.2782],[27.1683,62.2802],[27.1679,62.2821],[27.167,62.2925],[27.1672,62.2963]]}},{"type":"Feature","geometry":{"type":"LineString","coordinates":[[27.1879,62.3418],[27.1914,62.3461],[27.1933,62.3475],[27.1987,62.351],[27.2,62.3522],[27.2009,62.3535],[27.2013,62.3555],[27.2012,62.3656],[27.2019,62.3674],[27.2044,62.3709],[27.2053,62.3725],[27.2091,62.3848],[27.2093,62.3873],[27.2085,62.3927],[27.2074,62.3954],[27.2013,62.4038],[27.1963,62.4117],[27.1949,62.4132],[27.1907,62.4169],[27.1892,62.4188],[27.1849,62.428],[27.1762,62.4427],[27.1756,62.4444],[27.1755,62.4462]]}},{"type":"Feature","geometry":{"type":"LineString","coordinates":[[27.1754,62.4553],[27.1755,62.4572],[27.1762,62.459],[27.1884,62.4806],[27.1903,62.4828],[27.2012,62.4922],[27.2028,62.4939],[27.2041,62.496],[27.2071,62.5042],[27.2069,62.5148],[27.2064,62.5171],[27.2017,62.5288],[27.2002,62.5306],[27.1954,62.5353]]}},{"type":"Feature","geometry":{"type":"LineString","coordinates":[[27.1868,62.5435],[27.1842,62.5466],[27.1821,62.5518],[27.181,62.5536],[27.1624,62.5751],[27.1593,62.5783],[27.1555,62.5835],[27.145,62.5959],[27.1432,62.5977],[27.1355,62.6042],[27.1323,62.6084],[27.1267,62.6129],[27.1255,62.6144],[27.125,62.6161]]}},{"type":"Feature","geometry":{"type":"LineString","coordinates":[[27.1244,62.6268],[27.1248,62.6296],[27.1266,62.6335],[27.1293,62.6417],[27.1305,62.6436],[27.1324,62.6457],[27.1351,62.6475],[27.1384,62.6492],[27.1423,62.6505],[27.1468,62.6517],[27.1517,62.6524],[27.2205,62.6585],[27.2246,62.6591],[27.2391,62.6621],[27.2425,62.6627],[27.2465,62.6631],[27.2582,62.6637],[27.2631,62.6643],[27.2718,62.6663],[27.2747,62.6672],[27.2774,62.6683],[27.2799,62.6697],[27.2821,62.6712],[27.2837,62.6727],[27.285,62.6746]]}},{"type":"Feature","geometry":{"type":"LineString","coordinates":[[27.2908,62.6833],[27.2987,62.6952],[27.3016,62.6979],[27.3055,62.7003],[27.3091,62.702],[27.3176,62.7054],[27.3518,62.7156],[27.3552,62.7165],[27.3589,62.7172],[27.3627,62.7177],[27.3666,62.7181],[27.3732,62.7181],[27.3946,62.7171],[27.3984,62.717],[27.4046,62.7175],[27.4131,62.719]]}},{"type":"Feature","geometry":{"type":"LineString","coordinates":[[27.4303,62.7248],[27.4347,62.7266],[27.446,62.7296],[27.4588,62.7341],[27.472,62.74],[27.4794,62.7427],[27.4826,62.7442],[27.4859,62.7464],[27.4909,62.751],[27.5059,62.7611],[27.5169,62.7713]]}},{"type":"Feature","geometry":{"type":"LineString","coordinates":[[27.5273,62.7797],[27.534,62.7851],[27.536,62.7876],[27.5369,62.7904],[27.5365,62.794],[27.5366,62.7956],[27.5372,62.7974],[27.5383,62.7991],[27.5407,62.8014],[27.5469,62.8056],[27.5505,62.8097],[27.5528,62.8115],[27.5561,62.8132],[27.5603,62.8146],[27.5857,62.82],[27.5898,62.8211],[27.5931,62.8225],[27.6004,62.8263],[27.6025,62.8276],[27.6041,62.8289],[27.6056,62.8309],[27.6063,62.833],[27.6061,62.8347],[27.6048,62.8391],[27.6051,62.8419],[27.6064,62.8444],[27.6147,62.8541],[27.6163,62.8568],[27.6171,62.8602],[27.6165,62.8649],[27.6165,62.8668],[27.617,62.8689],[27.618,62.871],[27.6209,62.8749],[27.6325,62.8854],[27.6351,62.8872],[27.6391,62.889]]}},{"type":"Feature","geometry":{"type":"LineString","coordinates":[[27.7092,62.8983],[27.7111,62.8985],[27.7128,62.8989],[27.7144,62.8996],[27.7156,62.9004],[27.7163,62.9013],[27.7166,62.9022],[27.7164,62.9032],[27.7157,62.9041],[27.7119,62.9064],[27.7039,62.91],[27.6899,62.9184],[27.6886,62.9197],[27.6877,62.9211],[27.6873,62.9227],[27.6875,62.9259],[27.6869,62.9272],[27.6856,62.9283],[27.6828,62.9296],[27.671,62.9332],[27.6687,62.9345],[27.6674,62.9361],[27.6672,62.9374],[27.6674,62.9397],[27.6686,62.9426],[27.6703,62.9448],[27.6748,62.949],[27.6769,62.9506],[27.6803,62.9523],[27.6847,62.9539]]}},{"type":"Feature","geometry":{"type":"LineString","coordinates":[[27.6847,62.9539],[27.6878,62.955],[27.6901,62.9563],[27.6912,62.9574],[27.693,62.9601],[27.6945,62.9618],[27.7037,62.9685],[27.7055,62.9702],[27.7066,62.9718],[27.7071,62.9734],[27.7063,62.9794],[27.7066,62.9812],[27.7074,62.9829],[27.7088,62.9848],[27.7139,62.9901],[27.7161,62.9918],[27.7189,62.9933]]}},{"type":"Feature","geometry":{"type":"LineString","coordinates":[[27.7262,63.0008],[27.7269,63.0043],[27.7286,63.007],[27.731,63.0091],[27.7381,63.0138],[27.7399,63.0156],[27.7411,63.0175],[27.7416,63.0195],[27.7424,63.0293],[27.7419,63.0315],[27.7406,63.0337],[27.7389,63.0355],[27.7366,63.0371],[27.7086,63.053],[27.6988,63.0594],[27.6968,63.0603],[27.6944,63.061],[27.6921,63.0614],[27.6855,63.0623],[27.6832,63.0628],[27.6812,63.0635],[27.6788,63.0647],[27.6696,63.0707],[27.6679,63.0721]]}},{"type":"Feature","geometry":{"type":"LineString","coordinates":[[27.6534,63.0878],[27.6498,63.0906],[27.646,63.0955],[27.6391,63.1132],[27.6382,63.1149],[27.6368,63.1164],[27.6173,63.1325],[27.6036,63.1411],[27.6023,63.1425],[27.5989,63.1473],[27.5959,63.1499],[27.5931,63.1514],[27.5859,63.1547],[27.5786,63.1589],[27.5662,63.1634],[27.5632,63.1648],[27.5602,63.1666],[27.5549,63.1707],[27.5537,63.1718],[27.5529,63.173],[27.5523,63.1761],[27.5515,63.1774],[27.5503,63.1784],[27.545,63.1816],[27.5435,63.183],[27.5423,63.1845],[27.5414,63.1862],[27.5379,63.1959]]}},{"type":"Feature","geometry":{"type":"LineString","coordinates":[[27.5335,63.2039],[27.5303,63.2085],[27.5279,63.2106],[27.5244,63.2123],[27.5161,63.215],[27.514,63.2161],[27.5122,63.2174],[27.5105,63.2195],[27.5087,63.2244],[27.5039,63.231],[27.4834,63.2471],[27.4723,63.2574],[27.4677,63.2636],[27.4607,63.2708],[27.4582,63.2758],[27.4527,63.2827],[27.4519,63.2857],[27.4529,63.2909],[27.4525,63.2937],[27.4508,63.2963],[27.4452,63.3018],[27.4423,63.3073],[27.4355,63.316],[27.4349,63.3179],[27.4345,63.3275],[27.434,63.3292],[27.4331,63.3308],[27.4317,63.3324],[27.4297,63.3339],[27.4228,63.3379],[27.4205,63.3394],[27.4101,63.3492],[27.4017,63.3545]]}},{"type":"Feature","geometry":{"type":"LineString","coordinates":[[27.3922,63.3626],[27.389,63.367],[27.3877,63.3752],[27.3868,63.3769],[27.3853,63.3785],[27.3324,63.4144],[27.3302,63.4163],[27.3231,63.4299],[27.3225,63.4343],[27.3179,63.4451],[27.3177,63.4465],[27.318,63.4492],[27.3177,63.4506],[27.317,63.4521],[27.3143,63.456]]}},{"type":"Feature","geometry":{"type":"LineString","coordinates":[[27.3069,63.4644],[27.2938,63.4738],[27.2861,63.4779],[27.2699,63.4888],[27.2684,63.4902],[27.2673,63.4918],[27.2667,63.4933],[27.2666,63.495]]}},{"type":"Feature","geometry":{"type":"LineString","coordinates":[[27.2666,63.495],[27.2663,63.497],[27.2653,63.499],[27.2585,63.5054],[27.2496,63.5166]]}},{"type":"Feature","geometry":{"type":"LineString","coordinates":[[27.2448,63.5226],[27.238,63.531],[27.236,63.5329],[27.2295,63.5369],[27.2233,63.5396],[27.2209,63.5408],[27.214,63.5458]]}},{"type":"Feature","geometry":{"type":"LineString","coordinates":[[27.214,63.5458],[27.2061,63.5516],[27.2045,63.5531],[27.2028,63.5554],[27.2016,63.5585]]}},{"type":"Feature","geometry":{"type":"LineString","coordinates":[[27.1973,63.5897],[27.21,63.6129],[27.2142,63.6258],[27.2138,63.6285],[27.213,63.6295],[27.2117,63.6304]]}},{"type":"Feature","geometry":{"type":"LineString","coordinates":[[27.1987,63.6384],[27.192,63.6465],[27.1915,63.6478],[27.1918,63.6491],[27.1926,63.6501],[27.1939,63.6511],[27.2108,63.6604],[27.2135,63.6626],[27.2156,63.665],[27.2169,63.6676],[27.2252,63.6925],[27.2265,63.6943],[27.2302,63.6974],[27.2314,63.6993],[27.2316,63.7016],[27.2303,63.7044]]}},{"type":"Feature","geometry":{"type":"LineString","coordinates":[[27.2277,63.7115],[27.2292,63.7162],[27.2289,63.7219],[27.2294,63.7238],[27.2309,63.7263],[27.2321,63.7276],[27.2386,63.7319],[27.2409,63.7331],[27.2549,63.7382],[27.2564,63.7392],[27.2587,63.7418],[27.261,63.7429],[27.2736,63.747],[27.2829,63.7487],[27.2868,63.7497],[27.2903,63.7508],[27.2934,63.7522],[27.3167,63.7659],[27.3515,63.7907],[27.3582,63.7965],[27.3601,63.7988],[27.361,63.8014],[27.361,63.8066],[27.3623,63.8094],[27.386,63.8381],[27.3874,63.8393],[27.3891,63.8403],[27.3963,63.8432],[27.4002,63.8454],[27.4188,63.8616]]}},{"type":"Feature","geometry":{"type":"LineString","coordinates":[[27.4257,63.8689],[27.4274,63.873],[27.4312,63.8799],[27.4308,63.8898],[27.4312,63.8914],[27.4572,63.9371],[27.4579,63.9389],[27.4589,63.9443],[27.4695,63.9707],[27.4707,63.9727],[27.5255,64.0286],[27.5271,64.0297],[27.5291,64.0307],[27.5458,64.0374],[27.5488,64.0389],[27.571,64.0572]]}},{"type":"Feature","geometry":{"type":"LineString","coordinates":[[27.5928,64.0755],[27.5989,64.0805],[27.6068,64.0851],[27.6091,64.0871],[27.6189,64.1073],[27.6297,64.1215],[27.6391,64.1322],[27.6419,64.1364],[27.6434,64.1403],[27.6498,64.1486],[27.6563,64.1553],[27.6648,64.1666],[27.6661,64.1679],[27.6678,64.169],[27.6756,64.1723],[27.6786,64.1742],[27.68,64.1758],[27.6871,64.1866],[27.6885,64.1879],[27.6917,64.1901],[27.6929,64.1914],[27.6936,64.1929],[27.6937,64.1944],[27.6918,64.1991],[27.6916,64.2007],[27.6951,64.2093],[27.6952,64.2108],[27.6945,64.2135],[27.6953,64.2153],[27.6966,64.2163],[27.6984,64.2172],[27.7005,64.2178],[27.703,64.2182],[27.7297,64.2194]]}},{"type":"Feature","geometry":{"type":"LineString","coordinates":[[27.7557,64.221],[27.7597,64.2217],[27.7743,64.2254],[27.8012,64.2366],[27.8037,64.2381],[27.8054,64.2398],[27.8098,64.2495],[27.8107,64.2506],[27.812,64.2516],[27.8151,64.2531],[27.8229,64.2552],[27.8254,64.2561],[27.8481,64.2664],[27.8514,64.2674],[27.8936,64.2785],[27.9092,64.2811]]}},{"type":"Feature","geometry":{"type":"LineString","coordinates":[[27.9092,64.2811],[27.9862,64.2938],[28.0446,64.3055],[28.1199,64.3165],[28.124,64.3173],[28.1284,64.3188],[28.1318,64.3208],[28.1338,64.3231],[28.1342,64.3255],[28.1334,64.3277],[28.1314,64.3296],[28.1294,64.3308],[28.1218,64.3346]]}},{"type":"Feature","geometry":{"type":"LineString","coordinates":[[27.1973,63.5897],[27.1946,63.5855],[27.1929,63.5844],[27.1904,63.5836],[27.187,63.5831],[27.1834,63.5832],[27.1802,63.5838],[27.1774,63.5849]]}},{"type":"Feature","geometry":{"type":"LineString","coordinates":[[26.6942,60.8649],[26.6985,60.8653],[26.7077,60.8658],[26.7121,60.8657]]}},{"type":"Feature","geometry":{"type":"LineString","coordinates":[[29.8493,62.73],[29.8621,62.7338]]}},{"type":"Feature","geometry":{"type":"LineString","coordinates":[[27.7498,60.9427],[27.7822,60.9472]]}},{"type":"Feature","geometry":{"type":"LineString","coordinates":[[28.8216,61.2171],[28.8259,61.218],[28.8294,61.2195],[28.8452,61.2311],[28.8478,61.2326],[28.8504,61.2336],[28.8532,61.2343],[28.8651,61.2359],[28.8677,61.2365],[28.8701,61.2372],[28.8726,61.2382],[28.8747,61.2394],[28.88,61.2437]]}},{"type":"Feature","geometry":{"type":"LineString","coordinates":[[28.1831,61.0432],[28.198,61.0491]]}},{"type":"Feature","geometry":{"type":"LineString","coordinates":[[27.7472,60.9423],[27.7865,60.9479]]}},{"type":"Feature","geometry":{"type":"LineString","coordinates":[[26.7117,60.8656],[26.7174,60.8654]]}},{"type":"Feature","geometry":{"type":"LineString","coordinates":[[26.7121,60.8657],[26.7161,60.8655]]}},{"type":"Feature","geometry":{"type":"LineString","coordinates":[[29.784,62.5768],[29.7806,62.5783],[29.7782,62.5802],[29.7739,62.5871]]}},{"type":"Feature","geometry":{"type":"LineString","coordinates":[[25.9847,60.9284],[25.9924,60.9278],[25.998,60.9276],[26.0234,60.928]]}},{"type":"Feature","geometry":{"type":"LineString","coordinates":[[27.1062,60.899],[27.118,60.9001],[27.1246,60.9004],[27.1365,60.9012]]}},{"type":"Feature","geometry":{"type":"LineString","coordinates":[[26.822,60.8741],[26.8424,60.8769],[26.8489,60.8773],[26.8555,60.8773]]}},{"type":"Feature","geometry":{"type":"LineString","coordinates":[[28.88,61.2437],[28.8872,61.2497]]}},{"type":"Feature","geometry":{"type":"LineString","coordinates":[[29.9782,62.4247],[29.9665,62.4312]]}},{"type":"Feature","geometry":{"type":"LineString","coordinates":[[29.0845,61.2981],[29.0866,61.3069]]}},{"type":"Feature","geometry":{"type":"LineString","coordinates":[[26.7461,60.8681],[26.7479,60.8683]]}},{"type":"Feature","geometry":{"type":"LineString","coordinates":[[28.8143,61.2136],[28.815,61.2149],[28.8165,61.2159],[28.8185,61.2166],[28.8216,61.2171]]}},{"type":"Feature","geometry":{"type":"LineString","coordinates":[[27.9711,61.0033],[27.9991,61.0098]]}},{"type":"Feature","geometry":{"type":"LineString","coordinates":[[26.373,60.8795],[26.3927,60.8769],[26.4015,60.8754]]}},{"type":"Feature","geometry":{"type":"LineString","coordinates":[[26.373,60.8795],[26.4014,60.8753]]}},{"type":"Feature","geometry":{"type":"LineString","coordinates":[[28.8116,61.205],[28.8143,61.2136]]}},{"type":"Feature","geometry":{"type":"LineString","coordinates":[[29.5073,61.555],[29.5052,61.5563],[29.5039,61.5574],[29.4991,61.5637]]}},{"type":"Feature","geometry":{"type":"LineString","coordinates":[[30.1331,62.8053],[30.1491,62.8074]]}},{"type":"Feature","geometry":{"type":"LineString","coordinates":[[28.2568,61.0645],[28.2676,61.0719]]}},{"type":"Feature","geometry":{"type":"LineString","coordinates":[[28.3331,61.0853],[28.355,61.0926],[28.3586,61.0934],[28.3694,61.0954]]}},{"type":"Feature","geometry":{"type":"LineString","coordinates":[[28.7864,61.1986],[28.7973,61.2002],[28.8034,61.2003],[28.8052,61.2005],[28.8079,61.2014],[28.8098,61.2027]]}},{"type":"Feature","geometry":{"type":"LineString","coordinates":[[25.0008,60.7781],[25.0071,60.7807],[25.0097,60.782],[25.0177,60.7873]]}},{"type":"Feature","geometry":{"type":"LineString","coordinates":[[25.6525,60.9764],[25.6668,60.9759]]}},{"type":"Feature","geometry":{"type":"LineString","coordinates":[[29.6205,63.4171],[29.618,63.4186],[29.6075,63.4235]]}},{"type":"Feature","geometry":{"type":"LineString","coordinates":[[28.2749,64.1453],[28.2717,64.1527]]}},{"type":"Feature","geometry":{"type":"LineString","coordinates":[[24.9989,60.7773],[25.0053,60.78],[25.0096,60.782],[25.019,60.7883]]}},{"type":"Feature","geometry":{"type":"LineString","coordinates":[[27.7822,60.9472],[27.7865,60.9479]]}},{"type":"Feature","geometry":{"type":"LineString","coordinates":[[26.7895,60.87],[26.7978,60.8706],[26.822,60.8741]]}},{"type":"Feature","geometry":{"type":"LineString","coordinates":[[29.8465,62.5116],[29.8395,62.5188]]}},{"type":"Feature","geometry":{"type":"LineString","coordinates":[[26.7869,60.8699],[26.7937,60.8701],[26.7978,60.8705],[26.8418,60.8767],[26.849,60.8772],[26.8585,60.8773]]}},{"type":"Feature","geometry":{"type":"LineString","coordinates":[[25.6266,60.9748],[25.631,60.9762],[25.6356,60.9769]]}},{"type":"Feature","geometry":{"type":"LineString","coordinates":[[30.046,62.1393],[30.0527,62.1472]]}},{"type":"Feature","geometry":{"type":"LineString","coordinates":[[28.476,61.117],[28.4995,61.1233]]}},{"type":"Feature","geometry":{"type":"LineString","coordinates":[[29.5073,61.555],[29.505,61.5563],[29.504,61.5572],[29.4985,61.5643]]}},{"type":"Feature","geometry":{"type":"LineString","coordinates":[[25.9849,60.9284],[25.993,60.9278],[25.9981,60.9277],[26.0234,60.928]]}},{"type":"Feature","geometry":{"type":"LineString","coordinates":[[24.781,60.7383],[24.7815,60.7398],[24.783,60.7412],[24.785,60.7421],[24.7875,60.7427],[24.7911,60.7428],[24.8121,60.7418]]}},{"type":"Feature","geometry":{"type":"LineString","coordinates":[[29.1536,63.5396],[29.1498,63.5392],[29.1462,63.5394],[29.1358,63.5414],[29.1328,63.5425]]}},{"type":"Feature","geometry":{"type":"LineString","coordinates":[[25.6668,60.9759],[25.6717,60.9756]]}},{"type":"Feature","geometry":{"type":"LineString","coordinates":[[30.0219,63.3163],[30.0094,63.3205],[30.0077,63.3209],[30.0047,63.3212]]}},{"type":"Feature","geometry":{"type":"LineString","coordinates":[[26.3679,60.8802],[26.3925,60.8768],[26.4014,60.8753]]}},{"type":"Feature","geometry":{"type":"LineString","coordinates":[[27.3393,60.9104],[27.3799,60.9124]]}},{"type":"Feature","geometry":{"type":"LineString","coordinates":[[26.7174,60.8654],[26.7226,60.8656],[26.7312,60.8664],[26.7375,60.8673],[26.7461,60.8681]]}},{"type":"Feature","geometry":{"type":"LineString","coordinates":[[28.7838,61.1983],[28.8064,61.2015],[28.8079,61.2019],[28.8091,61.2025],[28.81,61.203],[28.8107,61.204]]}},{"type":"Feature","geometry":{"type":"LineString","coordinates":[[27.7497,60.9427],[27.7773,60.9466]]}},{"type":"Feature","geometry":{"type":"LineString","coordinates":[[26.7161,60.8655],[26.7194,60.8655],[26.7223,60.8656],[26.7313,60.8665],[26.7374,60.8673],[26.7449,60.8681]]}},{"type":"Feature","geometry":{"type":"LineString","coordinates":[[25.5137,60.9252],[25.5158,60.9272]]}},{"type":"Feature","geometry":{"type":"LineString","coordinates":[[28.8104,63.6832],[28.8059,63.6843],[28.8031,63.6853],[28.801,63.6864],[28.7973,63.6889]]}},{"type":"Feature","geometry":{"type":"LineString","coordinates":[[29.737,61.7849],[29.7433,61.7923]]}},{"type":"Feature","geometry":{"type":"LineString","coordinates":[[29.1678,63.5398],[29.1601,63.5404],[29.1581,63.5403],[29.1536,63.5396]]}},{"type":"Feature","geometry":{"type":"LineString","coordinates":[[26.7479,60.8683],[26.7521,60.8686],[26.7612,60.869],[26.7869,60.8699]]}},{"type":"Feature","geometry":{"type":"LineString","coordinates":[[26.6933,60.8647],[26.6962,60.865],[26.709,60.8657],[26.7117,60.8656]]}},{"type":"Feature","geometry":{"type":"LineString","coordinates":[[25.6502,60.9765],[25.6587,60.9765],[25.6639,60.9762]]}},{"type":"Feature","geometry":{"type":"LineString","coordinates":[[30.0242,63.3125],[30.0245,63.314],[30.0243,63.3148],[30.0234,63.3156],[30.0219,63.3163]]}},{"type":"Feature","geometry":{"type":"LineString","coordinates":[[27.1037,60.8988],[27.1389,60.9014]]}},{"type":"Feature","geometry":{"type":"LineString","coordinates":[[25.6639,60.9762],[25.6783,60.9752],[25.692,60.973]]}},{"type":"Feature","geometry":{"type":"LineString","coordinates":[[27.3393,60.9104],[27.3775,60.9122]]}},{"type":"Feature","geometry":{"type":"LineString","coordinates":[[29.966,62.0826],[29.9775,62.0894]]}},{"type":"Feature","geometry":{"type":"LineString","coordinates":[[29.8003,61.8836],[29.8027,61.8873],[29.8067,61.8916]]}},{"type":"Feature","geometry":{"type":"LineString","coordinates":[[25.6471,60.9766],[25.6525,60.9764]]}},{"type":"Feature","geometry":{"type":"LineString","coordinates":[[28.8098,61.2027],[28.811,61.2039],[28.8116,61.205]]}},{"type":"Feature","geometry":{"type":"LineString","coordinates":[[30.0284,63.3077],[30.0243,63.3102],[30.0239,63.3111],[30.0242,63.3125]]}},{"type":"Feature","geometry":{"type":"LineString","coordinates":[[25.9823,60.9286],[25.9923,60.9278],[25.9989,60.9276],[26.0253,60.928],[26.033,60.9283],[26.0436,60.9277],[26.0473,60.9276],[26.0509,60.9278],[26.0566,60.9283]]}},{"type":"Feature","geometry":{"type":"LineString","coordinates":[[26.0234,60.928],[26.0336,60.9283],[26.0434,60.9277],[26.0468,60.9277],[26.0502,60.9278],[26.0542,60.9281]]}},{"type":"Feature","geometry":{"type":"LineString","coordinates":[[27.5505,60.9141],[27.5767,60.9111]]}},{"type":"Feature","geometry":{"type":"LineString","coordinates":[[29.6554,61.6886],[29.6624,61.6969]]}},{"type":"Feature","geometry":{"type":"LineString","coordinates":[[29.9927,63.1521],[29.9951,63.1554],[29.9967,63.159]]}},{"type":"Feature","geometry":{"type":"LineString","coordinates":[[25.2613,60.865],[25.2771,60.8679],[25.2801,60.8687],[25.2871,60.8711]]}},{"type":"Feature","geometry":{"type":"LineString","coordinates":[[25.6266,60.9748],[25.6307,60.9762],[25.635,60.977],[25.6386,60.9771],[25.6471,60.9766]]}},{"type":"Feature","geometry":{"type":"LineString","coordinates":[[29.367,61.4244],[29.3723,61.4248],[29.3874,61.4244]]}},{"type":"Feature","geometry":{"type":"LineString","coordinates":[[29.4516,63.452],[29.4399,63.4566]]}},{"type":"Feature","geometry":{"type":"LineString","coordinates":[[25.6448,60.9767],[25.6502,60.9765]]}},{"type":"Feature","geometry":{"type":"LineString","coordinates":[[28.0774,61.0166],[28.097,61.0178]]}},{"type":"Feature","geometry":{"type":"LineString","coordinates":[[28.6786,61.1737],[28.6907,61.1798]]}},{"type":"Feature","geometry":{"type":"LineString","coordinates":[[25.2635,60.8654],[25.277,60.8678],[25.2799,60.8686],[25.2852,60.8704]]}},{"type":"Feature","geometry":{"type":"LineString","coordinates":[[28.5021,63.8784],[28.4974,63.885]]}},{"type":"Feature","geometry":{"type":"LineString","coordinates":[[25.6171,60.9709],[25.6286,60.9756],[25.6319,60.9765],[25.6345,60.977],[25.6372,60.9771],[25.6448,60.9767]]}},{"type":"Feature","geometry":{"type":"LineString","coordinates":[[26.3703,60.8799],[26.3926,60.8768],[26.4015,60.8754]]}},{"type":"Feature","geometry":{"type":"LineString","coordinates":[[27.8855,60.9742],[27.9023,60.9792]]}},{"type":"Feature","geometry":{"type":"LineString","coordinates":[[25.6356,60.9769],[25.6379,60.977],[25.6551,60.9763]]}},{"type":"Feature","geometry":{"type":"LineString","coordinates":[[26.7893,60.87],[26.7942,60.8702],[26.7981,60.8705],[26.8411,60.8767],[26.8481,60.8772],[26.8561,60.8773]]}},{"type":"Feature","geometry":{"type":"LineString","coordinates":[[24.781,60.7393],[24.7814,60.7407],[24.7827,60.7418],[24.7847,60.7426],[24.7872,60.7431],[24.7893,60.7431],[24.7953,60.7426],[24.8104,60.7419]]}},{"type":"Feature","geometry":{"type":"LineString","coordinates":[[25.6152,60.9701],[25.6266,60.9748]]}},{"type":"Feature","geometry":{"type":"LineString","coordinates":[[28.6764,61.1727],[28.6927,61.1809]]}},{"type":"Feature","geometry":{"type":"LineString","coordinates":[[25.6717,60.9756],[25.6759,60.9754],[25.6795,60.975],[25.6942,60.9726]]}},{"type":"Feature","geometry":{"type":"LineString","coordinates":[[28.476,61.117],[28.4829,61.1188],[28.5186,61.1283],[28.5309,61.1309],[28.5392,61.133]]}},{"type":"Feature","geometry":{"type":"LineString","coordinates":[[27.5481,60.9144],[27.5791,60.9109]]}},{"type":"Feature","geometry":{"type":"LineString","coordinates":[[26.7449,60.8681],[26.7532,60.8687],[26.7893,60.87]]}},{"type":"Feature","geometry":{"type":"LineString","coordinates":[[30.0892,62.3618],[30.073,62.3708]]}},{"type":"Feature","geometry":{"type":"LineString","coordinates":[[27.75,60.9427],[27.7793,60.9468]]}},{"type":"Feature","geometry":{"type":"LineString","coordinates":[[30.2348,62.9092],[30.2375,62.9099],[30.2394,62.9108],[30.2451,62.9154],[30.2457,62.9163],[30.2459,62.9175]]}},{"type":"Feature","geometry":{"type":"LineString","coordinates":[[28.4995,61.1233],[28.5192,61.1285],[28.5311,61.131],[28.5418,61.1338]]}},{"type":"Feature","geometry":{"type":"LineString","coordinates":[[29.0696,63.5663],[29.066,63.5676],[29.0632,63.5691],[29.0534,63.5757]]}},{"type":"Feature","geometry":{"type":"LineString","coordinates":[[25.6706,60.9759],[25.6789,60.9752],[25.6893,60.9735]]}},{"type":"Feature","geometry":{"type":"LineString","coordinates":[[25.6665,60.9761],[25.6706,60.9759]]}},{"type":"Feature","geometry":{"type":"LineString","coordinates":[[28.3614,61.0939],[28.3694,61.0954]]}},{"type":"Feature","geometry":{"type":"LineString","coordinates":[[29.7855,62.5762],[29.7818,62.5779],[29.7795,62.5795]]}},{"type":"Feature","geometry":{"type":"LineString","coordinates":[[27.9711,61.0033],[27.9983,61.0096]]}},{"type":"Feature","geometry":{"type":"LineString","coordinates":[[28.7538,61.1916],[28.7587,61.1912],[28.7611,61.1912],[28.764,61.1914],[28.7668,61.1918],[28.7689,61.1924],[28.7707,61.1931],[28.7752,61.1956],[28.7777,61.1967],[28.781,61.1978],[28.7838,61.1983]]}},{"type":"Feature","geometry":{"type":"LineString","coordinates":[[28.757,61.1913],[28.7598,61.1911],[28.7624,61.1911],[28.765,61.1914],[28.7674,61.1919],[28.7708,61.1931],[28.7754,61.1957],[28.7784,61.1969],[28.7819,61.1979],[28.7864,61.1986]]}},{"type":"Feature","geometry":{"type":"LineString","coordinates":[[29.7987,62.5677],[29.7939,62.5706],[29.7892,62.5744],[29.7874,62.5753],[29.784,62.5768]]}},{"type":"Feature","geometry":{"type":"LineString","coordinates":[[29.773,62.5897],[29.7719,62.5916],[29.7716,62.593],[29.7718,62.5942],[29.7727,62.5955]]}},{"type":"Feature","geometry":{"type":"LineString","coordinates":[[29.7739,62.5871],[29.7721,62.5903]]}},{"type":"Feature","geometry":{"type":"LineString","coordinates":[[29.7721,62.5903],[29.7712,62.592],[29.771,62.5934],[29.7715,62.595],[29.7728,62.5963]]}},{"type":"Feature","geometry":{"type":"LineString","coordinates":[[29.7728,62.5963],[29.7757,62.5984],[29.7788,62.6014],[29.7804,62.6038]]}},{"type":"Feature","geometry":{"type":"LineString","coordinates":[[29.7804,62.6038],[29.7803,62.6049]]}},{"type":"Feature","geometry":{"type":"LineString","coordinates":[[29.7803,62.6049],[29.7789,62.6082],[29.7787,62.6092]]}},{"type":"Feature","geometry":{"type":"LineString","coordinates":[[25.5137,60.9252],[25.5159,60.9275]]}},{"type":"Feature","geometry":{"type":"LineString","coordinates":[[28.8872,61.2497],[28.8912,61.2527],[28.896,61.2553],[28.9089,61.2604],[28.9138,61.262],[28.9203,61.2636],[28.962,61.2715],[28.9912,61.2761],[28.9956,61.2767],[29.0015,61.2768],[29.0232,61.2759],[29.0281,61.2763],[29.0327,61.2771],[29.037,61.2785],[29.054,61.2857],[29.0805,61.2942],[29.0821,61.295],[29.0833,61.2959],[29.0841,61.2969],[29.0845,61.2981]]}},{"type":"Feature","geometry":{"type":"LineString","coordinates":[[29.0866,61.3069],[29.087,61.3083],[29.0879,61.3095],[29.0892,61.3106],[29.0909,61.3116],[29.1276,61.3271],[29.1307,61.3286],[29.1336,61.3307],[29.1431,61.3393],[29.1459,61.3411],[29.1493,61.3425],[29.1611,61.346],[29.1701,61.3496],[29.1726,61.3503],[29.1753,61.3508],[29.1859,61.3519],[29.1939,61.3533],[29.1968,61.3537],[29.2334,61.3563],[29.2446,61.3566],[29.2499,61.3573],[29.2552,61.3586],[29.3053,61.3739],[29.3089,61.3752],[29.3114,61.3764],[29.3136,61.3778],[29.3154,61.3792],[29.3167,61.3808],[29.3252,61.3971],[29.3284,61.4058],[29.3303,61.4086],[29.3329,61.4112],[29.3353,61.413],[29.338,61.4147],[29.341,61.4162],[29.3442,61.4176],[29.354,61.4209],[29.3603,61.4232],[29.3635,61.424],[29.367,61.4244]]}},{"type":"Feature","geometry":{"type":"LineString","coordinates":[[29.3874,61.4244],[29.3917,61.4244],[29.3955,61.4248],[29.3992,61.4255],[29.4026,61.4265],[29.4055,61.4279],[29.4265,61.4392],[29.4294,61.4414],[29.433,61.4456],[29.4355,61.4476],[29.4387,61.4493],[29.4471,61.4529],[29.4494,61.4543],[29.4513,61.4558],[29.4527,61.4574],[29.4536,61.459],[29.4558,61.467],[29.4571,61.4688],[29.459,61.4706],[29.4612,61.472],[29.4638,61.4733],[29.4766,61.4781],[29.479,61.4794],[29.4811,61.4809],[29.4828,61.4826],[29.4839,61.4845],[29.4844,61.4862],[29.4845,61.4894],[29.485,61.4911],[29.4885,61.4986],[29.4899,61.5007],[29.4917,61.5024],[29.4939,61.5039],[29.5035,61.5087],[29.5064,61.5104],[29.5092,61.5126],[29.5114,61.5151],[29.5125,61.5171],[29.5147,61.5227],[29.519,61.53],[29.5201,61.5364]]}},{"type":"Feature","geometry":{"type":"LineString","coordinates":[[29.5201,61.5364],[29.5212,61.5447],[29.521,61.5462],[29.5202,61.5478],[29.5186,61.5495],[29.5163,61.5511],[29.514,61.5522],[29.5092,61.5539],[29.5073,61.555]]}},{"type":"Feature","geometry":{"type":"LineString","coordinates":[[29.4991,61.5637],[29.4977,61.5657],[29.4971,61.5675],[29.4975,61.5746],[29.4984,61.5773],[29.5007,61.5798],[29.504,61.5818],[29.515,61.5865],[29.5204,61.5893],[29.5566,61.614],[29.5799,61.6319],[29.6101,61.658],[29.6132,61.6601],[29.6449,61.6793],[29.6507,61.6838],[29.6554,61.6886]]}},{"type":"Feature","geometry":{"type":"LineString","coordinates":[[29.6624,61.6969],[29.737,61.7849]]}},{"type":"Feature","geometry":{"type":"LineString","coordinates":[[29.7433,61.7923],[29.7485,61.7984],[29.7501,61.8006],[29.8003,61.8836]]}},{"type":"Feature","geometry":{"type":"LineString","coordinates":[[29.8067,61.8916],[29.8968,61.9866],[29.8995,61.9899],[29.9014,61.9942],[29.9019,61.9985],[29.8974,62.0192],[29.8972,62.0227],[29.9012,62.0386],[29.9025,62.0414],[29.9044,62.0442],[29.9077,62.0475],[29.912,62.0505],[29.966,62.0826]]}},{"type":"Feature","geometry":{"type":"LineString","coordinates":[[29.9775,62.0894],[30.0249,62.1175],[30.0282,62.1197],[30.0307,62.1216],[30.0327,62.1236],[30.046,62.1393]]}},{"type":"Feature","geometry":{"type":"LineString","coordinates":[[30.0527,62.1472],[30.0855,62.1857],[30.0877,62.1889],[30.1057,62.231],[30.1284,62.2856],[30.1293,62.2895],[30.129,62.2934],[30.1205,62.3186]]}},{"type":"Feature","geometry":{"type":"LineString","coordinates":[[30.1205,62.3186],[30.118,62.3261],[30.1169,62.3285],[30.1009,62.3525],[30.0987,62.3551],[30.0959,62.3576],[30.0932,62.3596],[30.0892,62.3618]]}},{"type":"Feature","geometry":{"type":"LineString","coordinates":[[30.073,62.3708],[30.0643,62.3757],[30.0559,62.3819],[30.0514,62.3847],[29.9997,62.4125],[29.9918,62.4171],[29.9782,62.4247]]}},{"type":"Feature","geometry":{"type":"LineString","coordinates":[[29.9665,62.4312],[29.9497,62.4401],[29.9353,62.4463],[29.926,62.452],[29.9168,62.4597],[29.9134,62.4637],[29.9116,62.4653],[29.9095,62.4667],[29.903,62.4701],[29.9009,62.4715],[29.8901,62.4809],[29.8771,62.4892],[29.8704,62.4937],[29.8494,62.509],[29.8465,62.5116]]}},{"type":"Feature","geometry":{"type":"LineString","coordinates":[[29.8395,62.5188],[29.8282,62.5303],[29.8266,62.5324],[29.8259,62.5343],[29.8215,62.5508],[29.8207,62.5527],[29.8194,62.5545],[29.8173,62.5567],[29.8146,62.5586],[29.7987,62.5677]]}},{"type":"Feature","geometry":{"type":"LineString","coordinates":[[29.7787,62.6092],[29.779,62.6121],[29.7805,62.6146],[29.8082,62.6419],[29.8103,62.6443],[29.8119,62.6467],[29.8191,62.6617],[29.8199,62.6641],[29.8199,62.666],[29.8196,62.6679],[29.8163,62.6752],[29.8162,62.6765],[29.8166,62.6779],[29.8183,62.6802],[29.8295,62.69],[29.8309,62.6917],[29.8317,62.6936],[29.8332,62.7156],[29.836,62.7237],[29.8373,62.7254],[29.8396,62.7269],[29.8416,62.7277],[29.8493,62.73]]}},{"type":"Feature","geometry":{"type":"LineString","coordinates":[[29.8621,62.7338],[29.8652,62.7347],[29.8694,62.7355],[29.8734,62.7359],[29.8774,62.7361],[29.8838,62.7359],[29.8973,62.7344],[29.9012,62.7338],[29.9049,62.7329],[29.9406,62.7225],[29.9437,62.7221],[29.9469,62.722],[29.9501,62.7222],[29.9531,62.7228],[29.9555,62.7236],[29.9864,62.7359],[29.9887,62.7371],[29.9929,62.7401],[29.9947,62.741],[29.9968,62.7418],[30.0887,62.7641],[30.0913,62.7648],[30.0936,62.7657],[30.0962,62.7672],[30.1002,62.7705],[30.1014,62.7718],[30.1021,62.7732],[30.1023,62.7745],[30.1021,62.7757],[30.0989,62.7818],[30.0984,62.7832],[30.0987,62.7854],[30.1002,62.7875],[30.1026,62.7893],[30.1072,62.7915],[30.109,62.7926],[30.1188,62.8011],[30.1206,62.8023],[30.1228,62.8033],[30.1255,62.8041],[30.1331,62.8053]]}},{"type":"Feature","geometry":{"type":"LineString","coordinates":[[30.1491,62.8074],[30.1614,62.8091],[30.175,62.8117],[30.1784,62.8128],[30.1804,62.8138],[30.1887,62.819],[30.1979,62.828],[30.1991,62.8298],[30.1997,62.8317],[30.2014,62.8452],[30.2023,62.8466],[30.2074,62.8519],[30.2083,62.8537],[30.2082,62.8555],[30.2033,62.8674],[30.2031,62.8688],[30.2137,62.9019],[30.2145,62.9029],[30.2158,62.9039],[30.2228,62.9068],[30.2249,62.9073],[30.2348,62.9092]]}},{"type":"Feature","geometry":{"type":"LineString","coordinates":[[30.2459,62.9175],[30.2458,62.9189],[30.2449,62.9201],[30.2223,62.9359],[30.2153,62.9404],[30.2143,62.9413],[30.212,62.9445],[30.2105,62.9458],[30.1753,62.9655],[30.1729,62.967],[30.135,63.0015],[30.1221,63.0205],[30.1213,63.0221],[30.1151,63.0398],[30.1154,63.0416],[30.1186,63.0462],[30.1191,63.0479],[30.1188,63.0491],[30.1162,63.0547],[30.1158,63.0577],[30.1144,63.0596],[30.1078,63.0656],[30.1058,63.067],[30.0774,63.0805],[30.0657,63.0879],[30.0637,63.0898],[30.0578,63.0971],[30.055,63.1043],[30.0528,63.1077],[30.0516,63.1088],[30.05,63.1096],[30.0466,63.1107],[30.0449,63.1115],[30.0414,63.1147],[30.0359,63.1184],[30.0336,63.1197],[30.0305,63.121],[30.0158,63.1263],[30.0137,63.1273],[30.012,63.1284],[30.0106,63.1297],[30.0016,63.1399],[30.001,63.1409],[30.0006,63.1431],[30,63.144],[29.9985,63.145],[29.9941,63.1467],[29.9922,63.1481],[29.9917,63.1491],[29.9916,63.1501],[29.9919,63.151],[29.9927,63.1521]]}},{"type":"Feature","geometry":{"type":"LineString","coordinates":[[29.9967,63.159],[29.9981,63.1626],[29.9991,63.164],[30.0083,63.1719],[30.0091,63.1729],[30.0102,63.1808],[30.0142,63.1855],[30.0151,63.1872],[30.0156,63.1969],[30.0161,63.1981],[30.0173,63.1992],[30.0623,63.2287],[30.0652,63.2303],[30.068,63.2315],[30.0711,63.2325],[30.0744,63.2333],[30.0779,63.2339],[30.0814,63.2343],[30.0849,63.2345],[30.0953,63.2345],[30.0979,63.2348],[30.1004,63.2354],[30.1022,63.2361],[30.1037,63.237],[30.1068,63.2398],[30.1137,63.2444],[30.1145,63.2452],[30.1149,63.2461],[30.1141,63.25],[30.1158,63.2547],[30.1157,63.256],[30.1151,63.2573],[30.1134,63.2589],[30.1016,63.2675],[30.0966,63.2719],[30.0706,63.2894],[30.0543,63.2959],[30.0497,63.2989],[30.0316,63.306],[30.0284,63.3077]]}},{"type":"Feature","geometry":{"type":"LineString","coordinates":[[30.0047,63.3212],[29.9772,63.3251],[29.968,63.3275],[29.9581,63.3297],[29.9541,63.3309],[29.9424,63.3353],[29.8492,63.3617],[29.8447,63.3627],[29.8314,63.3648],[29.8276,63.3651],[29.8237,63.3648],[29.8211,63.3642],[29.8157,63.3622],[29.8109,63.3609],[29.8052,63.36],[29.7992,63.3597],[29.7954,63.3597],[29.7916,63.36],[29.7783,63.3618],[29.7704,63.362],[29.7424,63.361],[29.74,63.3608],[29.735,63.3601],[29.7321,63.36],[29.729,63.3603],[29.7148,63.3631],[29.7122,63.3639],[29.7094,63.3652],[29.7072,63.3666],[29.7055,63.3682],[29.6928,63.3831],[29.6905,63.388],[29.6835,63.3982],[29.6824,63.3996],[29.6807,63.4007],[29.6708,63.406],[29.6673,63.4072],[29.6643,63.408],[29.6616,63.4084],[29.6588,63.4086],[29.6379,63.4089],[29.6354,63.4092],[29.6331,63.4096],[29.6313,63.4103],[29.6297,63.411],[29.6205,63.4171]]}},{"type":"Feature","geometry":{"type":"LineString","coordinates":[[29.6075,63.4235],[29.6006,63.4267],[29.5989,63.4278],[29.5982,63.4289],[29.5977,63.4319],[29.5967,63.4339],[29.5955,63.4355],[29.5908,63.4401],[29.5893,63.4411],[29.5856,63.4427],[29.5839,63.4433],[29.582,63.4438],[29.5604,63.4464],[29.55,63.4483],[29.5471,63.4485],[29.5441,63.4484],[29.5418,63.4481],[29.5396,63.4477],[29.5376,63.4471],[29.5358,63.4464],[29.5338,63.445],[29.5292,63.4405],[29.5275,63.4396],[29.5254,63.4389],[29.5215,63.4384],[29.4989,63.4374],[29.4961,63.4374],[29.4937,63.4377],[29.4914,63.4383],[29.4516,63.452]]}},{"type":"Feature","geometry":{"type":"LineString","coordinates":[[29.4399,63.4566],[29.4238,63.4647],[29.4181,63.4685],[29.4111,63.4721],[29.408,63.4734],[29.398,63.4767],[29.3936,63.4785],[29.3897,63.4797],[29.3821,63.4812],[29.3604,63.4868],[29.3521,63.4886],[29.3295,63.4955],[29.3117,63.5038],[29.3056,63.5088],[29.3026,63.5116],[29.3014,63.5123],[29.3,63.5128],[29.2974,63.5133],[29.2547,63.5191],[29.2502,63.5201],[29.247,63.5213],[29.2374,63.5263],[29.2363,63.5271],[29.2311,63.5329],[29.2296,63.5337],[29.2275,63.5344],[29.2242,63.5347],[29.2189,63.5343],[29.2158,63.5344],[29.2134,63.5348],[29.2065,63.5365],[29.2041,63.5368],[29.1863,63.5364],[29.1842,63.5364],[29.1817,63.5369],[29.1778,63.5382],[29.1752,63.5388],[29.1726,63.5393],[29.1678,63.5398]]}},{"type":"Feature","geometry":{"type":"LineString","coordinates":[[29.1328,63.5425],[29.1221,63.5491],[29.1177,63.5512],[29.1132,63.5526],[29.1012,63.5553],[29.0982,63.5561],[29.0696,63.5663]]}},{"type":"Feature","geometry":{"type":"LineString","coordinates":[[29.0534,63.5757],[29.0506,63.5775],[29.0474,63.5791],[29.0439,63.5804],[29.0399,63.5816],[29.0164,63.5874],[29.0092,63.5896],[29.006,63.5905],[29.0022,63.5912],[28.9885,63.5931],[28.9844,63.5939],[28.9658,63.5984],[28.9627,63.5994],[28.9596,63.6006],[28.9518,63.6049],[28.95,63.6065],[28.949,63.6091],[28.9496,63.6132],[28.9495,63.6146],[28.9485,63.6165],[28.9466,63.6182],[28.9448,63.6193],[28.9393,63.622],[28.9246,63.632],[28.9172,63.6354],[28.9107,63.6391],[28.9036,63.6426],[28.8891,63.6528],[28.8766,63.6601],[28.871,63.6645],[28.8693,63.6656],[28.8673,63.6665],[28.865,63.6674],[28.8282,63.6779],[28.8261,63.6786],[28.8229,63.6803],[28.821,63.681],[28.819,63.6815],[28.8148,63.6821],[28.8104,63.6832]]}},{"type":"Feature","geometry":{"type":"LineString","coordinates":[[28.7973,63.6889],[28.7921,63.6927],[28.7891,63.6944],[28.7856,63.6958],[28.7789,63.6979],[28.7762,63.6989],[28.7664,63.7035],[28.7647,63.7046],[28.7636,63.7058],[28.7632,63.7072],[28.765,63.7115],[28.7651,63.7129],[28.7648,63.7143],[28.7641,63.7157],[28.7628,63.7171],[28.7612,63.7184],[28.7592,63.7196],[28.7552,63.7212],[28.7075,63.7362],[28.7007,63.7391],[28.6828,63.7474],[28.6801,63.7489],[28.6768,63.7515],[28.6687,63.76],[28.6676,63.7625],[28.6669,63.7689],[28.6664,63.7707],[28.6647,63.7733],[28.6621,63.7757],[28.6336,63.7945],[28.631,63.7959],[28.6287,63.7969],[28.6261,63.7977],[28.6029,63.8035],[28.5987,63.8051],[28.5952,63.8069],[28.5933,63.8084],[28.5918,63.8099],[28.5884,63.8144],[28.579,63.8259],[28.5759,63.8305],[28.5735,63.8327],[28.5714,63.8342],[28.5435,63.8503],[28.5316,63.8559],[28.5193,63.8631],[28.5161,63.8657],[28.5135,63.8694],[28.5119,63.871],[28.5021,63.8784]]}},{"type":"Feature","geometry":{"type":"LineString","coordinates":[[28.4974,63.885],[28.4944,63.8895],[28.4921,63.8936],[28.4891,63.8976],[28.4841,63.9081],[28.4822,63.9103],[28.4796,63.9119],[28.4659,63.9185],[28.457,63.9243],[28.4535,63.9272],[28.4463,63.9321],[28.4351,63.9387],[28.4332,63.9396],[28.4268,63.9419],[28.4249,63.943],[28.4235,63.9442],[28.4224,63.9462],[28.4134,63.9814],[28.4064,63.9912],[28.3923,64.0045],[28.3833,64.011],[28.336,64.0373],[28.3337,64.039],[28.326,64.0465],[28.324,64.048],[28.3211,64.0494],[28.3156,64.0513],[28.3136,64.0521],[28.3113,64.0535],[28.3096,64.055],[28.3086,64.0567],[28.3083,64.0584],[28.3132,64.112],[28.3128,64.115],[28.3116,64.117],[28.3098,64.119],[28.297,64.1288],[28.2941,64.1306],[28.2876,64.1338],[28.2848,64.1357],[28.2768,64.1427],[28.2749,64.1453]]}},{"type":"Feature","geometry":{"type":"LineString","coordinates":[[28.2717,64.1527],[28.2713,64.1539],[28.2717,64.155],[28.2857,64.1773],[28.2882,64.1799],[28.2951,64.1847],[28.2964,64.1863],[28.297,64.188],[28.2966,64.1902],[28.2812,64.2265],[28.2798,64.2289],[28.2781,64.2306],[28.2759,64.2322],[28.2352,64.2571],[28.2148,64.2754],[28.2123,64.2771],[28.1998,64.284],[28.1979,64.2853],[28.1962,64.2871],[28.1954,64.289],[28.1962,64.2945],[28.1959,64.2961],[28.1948,64.2979],[28.1929,64.2996],[28.1904,64.301],[28.121,64.335]]}},{"type":"Feature","geometry":{"type":"LineString","coordinates":[[27.7865,60.9479],[27.8141,60.9518],[27.8208,60.9532],[27.8253,60.9546],[27.8451,60.9619],[27.8855,60.9742]]}},{"type":"Feature","geometry":{"type":"LineString","coordinates":[[27.9023,60.9792],[27.9248,60.9861],[27.9598,61.0002],[27.9642,61.0016],[27.9711,61.0033]]}},{"type":"Feature","geometry":{"type":"LineString","coordinates":[[27.9991,61.0098],[28.0042,61.0108],[28.0094,61.0115],[28.0774,61.0166]]}},{"type":"Feature","geometry":{"type":"LineString","coordinates":[[28.097,61.0178],[28.1416,61.0205],[28.1459,61.021],[28.1545,61.0225],[28.1599,61.0238],[28.1674,61.0265],[28.1693,61.0275],[28.1709,61.0286],[28.1728,61.0309],[28.1747,61.0357],[28.1779,61.04],[28.18,61.0418],[28.1831,61.0432]]}},{"type":"Feature","geometry":{"type":"LineString","coordinates":[[28.198,61.0491],[28.2037,61.0513],[28.2078,61.0525],[28.2136,61.0536],[28.2203,61.054],[28.2234,61.0544],[28.2268,61.0554],[28.2312,61.0575],[28.2339,61.0584],[28.2474,61.0605],[28.2498,61.061],[28.2534,61.0623],[28.2568,61.0645]]}},{"type":"Feature","geometry":{"type":"LineString","coordinates":[[28.2676,61.0719],[28.2696,61.0732],[28.2718,61.074],[28.2802,61.0757],[28.3051,61.0797],[28.3081,61.08],[28.3149,61.0803],[28.319,61.0808],[28.3222,61.0817],[28.3331,61.0853]]}},{"type":"Feature","geometry":{"type":"LineString","coordinates":[[28.3694,61.0954],[28.4501,61.1103],[28.476,61.117]]}},{"type":"Feature","geometry":{"type":"LineString","coordinates":[[24.8104,60.7419],[24.8312,60.741],[24.8389,60.741],[24.8873,60.7448],[24.8916,60.7452],[24.8955,60.7459],[24.9097,60.7499]]}},{"type":"Feature","geometry":{"type":"LineString","coordinates":[[24.9097,60.7499],[24.9145,60.7513]]}},{"type":"Feature","geometry":{"type":"LineString","coordinates":[[24.9145,60.7513],[24.9276,60.7549],[24.9512,60.759],[24.956,60.7602],[24.9595,60.7614],[24.9989,60.7773]]}},{"type":"Feature","geometry":{"type":"LineString","coordinates":[[25.019,60.7883],[25.0399,60.8028],[25.0422,60.8046],[25.0484,60.8105],[25.0501,60.8117],[25.052,60.8127],[25.1068,60.8327],[25.1104,60.8338],[25.1235,60.8371]]}},{"type":"Feature","geometry":{"type":"LineString","coordinates":[[25.1235,60.8371],[25.1236,60.8372]]}},{"type":"Feature","geometry":{"type":"LineString","coordinates":[[25.1236,60.8372],[25.1648,60.8476],[25.1682,60.8483],[25.1731,60.8489],[25.2006,60.8507],[25.2059,60.8514],[25.2097,60.8524],[25.2291,60.8587],[25.2342,60.8601],[25.2398,60.8613],[25.2613,60.865]]}},{"type":"Feature","geometry":{"type":"LineString","coordinates":[[25.2871,60.8711],[25.2936,60.8733],[25.2976,60.8743],[25.3294,60.8789],[25.3335,60.8797],[25.3378,60.881],[25.3552,60.888],[25.3583,60.8891],[25.3617,60.8899],[25.3755,60.8927],[25.3805,60.8934],[25.3842,60.8937],[25.388,60.8937],[25.3964,60.8932],[25.3999,60.8929],[25.404,60.8921],[25.4202,60.8881],[25.4261,60.8871],[25.4298,60.8869],[25.4334,60.8869],[25.4371,60.8872],[25.4406,60.8876],[25.4585,60.8909],[25.4623,60.8919],[25.4658,60.893],[25.4819,60.8997],[25.4872,60.9027],[25.4908,60.9056]]}},{"type":"Feature","geometry":{"type":"LineString","coordinates":[[25.4908,60.9056],[25.4933,60.9078]]}},{"type":"Feature","geometry":{"type":"LineString","coordinates":[[25.4933,60.9078],[25.5118,60.9238]]}},{"type":"Feature","geometry":{"type":"LineString","coordinates":[[25.5118,60.9238],[25.5159,60.9275]]}},{"type":"Feature","geometry":{"type":"LineString","coordinates":[[25.5159,60.9275],[25.5225,60.934],[25.5347,60.9441],[25.5394,60.9485],[25.5522,60.9584],[25.5544,60.9598],[25.557,60.9611],[25.5599,60.9621],[25.563,60.963],[25.5663,60.9638],[25.5698,60.9643],[25.5737,60.9646],[25.5989,60.9659],[25.6034,60.9664],[25.6062,60.9669],[25.6088,60.9677],[25.6171,60.9709]]}},{"type":"Feature","geometry":{"type":"LineString","coordinates":[[25.692,60.973],[25.7031,60.9712],[25.7071,60.9703],[25.7105,60.9693],[25.7201,60.9659],[25.7551,60.9567],[25.7923,60.9488],[25.7988,60.9478],[25.8056,60.9472],[25.8312,60.9465]]}},{"type":"Feature","geometry":{"type":"LineString","coordinates":[[25.8312,60.9465],[25.8362,60.9464]]}},{"type":"Feature","geometry":{"type":"LineString","coordinates":[[25.8362,60.9464],[25.8567,60.9458],[25.9159,60.9413],[25.9194,60.9407],[25.9227,60.9399],[25.9382,60.9347],[25.9439,60.9331],[25.9492,60.932],[25.9574,60.9308],[25.9847,60.9284]]}},{"type":"Feature","geometry":{"type":"LineString","coordinates":[[26.0542,60.9281],[26.0718,60.9296],[26.0766,60.9297],[26.0814,60.9294],[26.0866,60.9287],[26.0985,60.9262],[26.1028,60.9256],[26.1067,60.9253],[26.1181,60.9251],[26.1281,60.924],[26.1379,60.9235],[26.1412,60.9231],[26.1576,60.9201],[26.1603,60.9194],[26.1653,60.9177],[26.1689,60.9168],[26.174,60.9162],[26.1795,60.9162]]}},{"type":"Feature","geometry":{"type":"LineString","coordinates":[[26.1795,60.9162],[26.1863,60.9164]]}},{"type":"Feature","geometry":{"type":"LineString","coordinates":[[26.1863,60.9164],[26.1944,60.9166],[26.2004,60.9162],[26.2152,60.9136],[26.2181,60.9129],[26.2208,60.912],[26.2297,60.9082],[26.2332,60.9061],[26.2358,60.9038],[26.2393,60.8987],[26.241,60.8972],[26.243,60.8959],[26.2454,60.8946],[26.2482,60.8934],[26.2512,60.8925],[26.2544,60.8917],[26.2582,60.8911],[26.2622,60.8908],[26.2753,60.8906],[26.2803,60.8904],[26.3018,60.8879],[26.32,60.8866],[26.3703,60.8799]]}},{"type":"Feature","geometry":{"type":"LineString","coordinates":[[26.4015,60.8754],[26.476,60.8626],[26.4799,60.8621],[26.4889,60.8615],[26.4933,60.8609],[26.4987,60.8595],[26.517,60.8531]]}},{"type":"Feature","geometry":{"type":"LineString","coordinates":[[26.517,60.8531],[26.5211,60.8517]]}},{"type":"Feature","geometry":{"type":"LineString","coordinates":[[26.5211,60.8517],[26.5324,60.8478],[26.5364,60.8469],[26.5405,60.8462],[26.5445,60.8458],[26.5824,60.8434],[26.5854,60.8433],[26.5881,60.8434],[26.5922,60.8439],[26.5959,60.845],[26.6103,60.8507],[26.6204,60.8557],[26.6236,60.8568],[26.6271,60.8576],[26.6316,60.8583],[26.6795,60.8638],[26.6942,60.8649]]}},{"type":"Feature","geometry":{"type":"LineString","coordinates":[[26.8561,60.8773],[26.9414,60.8777],[26.9471,60.8781],[26.9574,60.8797]]}},{"type":"Feature","geometry":{"type":"LineString","coordinates":[[26.9574,60.8797],[26.9621,60.8805]]}},{"type":"Feature","geometry":{"type":"LineString","coordinates":[[26.9621,60.8805],[26.9676,60.8813],[26.9726,60.8818],[26.9952,60.8832],[27.0243,60.8867],[27.0945,60.8978],[27.0997,60.8985],[27.1062,60.899]]}},{"type":"Feature","geometry":{"type":"LineString","coordinates":[[27.1365,60.9012],[27.1526,60.9024],[27.193,60.9034],[27.3393,60.9104]]}},{"type":"Feature","geometry":{"type":"LineString","coordinates":[[27.3799,60.9124],[27.5035,60.9186],[27.5094,60.9185],[27.5152,60.9181],[27.5481,60.9144]]}},{"type":"Feature","geometry":{"type":"LineString","coordinates":[[27.5791,60.9109],[27.5867,60.91],[27.591,60.9099],[27.607,60.911],[27.6116,60.9116],[27.6145,60.9122],[27.6172,60.9131],[27.6539,60.9271],[27.6594,60.9288],[27.6653,60.9303],[27.6747,60.9321],[27.7472,60.9423]]}},{"type":"Feature","geometry":{"type":"LineString","coordinates":[[28.5418,61.1338],[28.5929,61.1476],[28.5981,61.1486],[28.6128,61.1504],[28.6162,61.151],[28.6194,61.1519],[28.6308,61.1559],[28.6441,61.1592],[28.6481,61.1605],[28.666,61.1675],[28.6764,61.1727]]}},{"type":"Feature","geometry":{"type":"LineString","coordinates":[[28.6927,61.1809],[28.6959,61.1824],[28.6995,61.1835],[28.7067,61.1848],[28.7153,61.1861],[28.7183,61.1867],[28.721,61.1877],[28.7288,61.1909],[28.7311,61.1916],[28.7335,61.1921],[28.737,61.1925],[28.7406,61.1926],[28.7538,61.1916]]}},{"type":"Feature","geometry":{"type":"LineString","coordinates":[[28.5392,61.133],[28.5929,61.1475],[28.5981,61.1485],[28.6129,61.1504],[28.6165,61.1511],[28.6198,61.1519],[28.6309,61.1558],[28.644,61.1591],[28.6482,61.1605],[28.6663,61.1675],[28.6786,61.1737]]}},{"type":"Feature","geometry":{"type":"LineString","coordinates":[[28.6907,61.1798],[28.6948,61.1819],[28.6979,61.183],[28.7017,61.1838],[28.7151,61.186],[28.7178,61.1865],[28.7209,61.1875],[28.729,61.1909],[28.7336,61.1921],[28.7372,61.1925],[28.741,61.1926],[28.757,61.1913]]}},{"type":"Feature","geometry":{"type":"LineString","coordinates":[[24.8121,60.7418],[24.8314,60.741],[24.8392,60.741],[24.8885,60.7448],[24.8923,60.7453],[24.896,60.746],[24.9118,60.7505]]}},{"type":"Feature","geometry":{"type":"LineString","coordinates":[[24.9118,60.7505],[24.9125,60.7507]]}},{"type":"Feature","geometry":{"type":"LineString","coordinates":[[24.9125,60.7507],[24.9275,60.7548],[24.9512,60.759],[24.9561,60.7601],[24.9595,60.7614],[25.0008,60.7781]]}},{"type":"Feature","geometry":{"type":"LineString","coordinates":[[25.0177,60.7873],[25.0399,60.8027],[25.0422,60.8046],[25.0485,60.8105],[25.0501,60.8116],[25.052,60.8127],[25.0549,60.8138],[25.1068,60.8327],[25.1104,60.8338],[25.1214,60.8366]]}},{"type":"Feature","geometry":{"type":"LineString","coordinates":[[25.1214,60.8366],[25.1257,60.8377]]}},{"type":"Feature","geometry":{"type":"LineString","coordinates":[[25.1257,60.8377],[25.1649,60.8476],[25.1683,60.8483],[25.1731,60.8489],[25.2006,60.8506],[25.2059,60.8514],[25.2096,60.8523],[25.2292,60.8586],[25.2345,60.8601],[25.2399,60.8613],[25.2635,60.8654]]}},{"type":"Feature","geometry":{"type":"LineString","coordinates":[[25.2852,60.8704],[25.2932,60.8732],[25.2974,60.8742],[25.3295,60.8789],[25.3336,60.8796],[25.3378,60.8809],[25.3552,60.8879],[25.3584,60.8891],[25.3618,60.8899],[25.3753,60.8926],[25.3803,60.8934],[25.3841,60.8937],[25.3879,60.8937],[25.3963,60.8932],[25.3998,60.8928],[25.404,60.892],[25.4202,60.888],[25.4262,60.8871],[25.43,60.8869],[25.4337,60.8869],[25.4374,60.8872],[25.4411,60.8877],[25.4588,60.8909],[25.4627,60.8919],[25.4664,60.8931],[25.4823,60.8999],[25.4876,60.9029],[25.4921,60.9066]]}},{"type":"Feature","geometry":{"type":"LineString","coordinates":[[25.4921,60.9066],[25.4922,60.9068]]}},{"type":"Feature","geometry":{"type":"LineString","coordinates":[[25.4922,60.9068],[25.5065,60.9191]]}},{"type":"Feature","geometry":{"type":"LineString","coordinates":[[25.5065,60.9191],[25.5135,60.925]]}},{"type":"Feature","geometry":{"type":"LineString","coordinates":[[25.5135,60.925],[25.5137,60.9252]]}},{"type":"Feature","geometry":{"type":"LineString","coordinates":[[25.5158,60.9272],[25.5226,60.934],[25.5348,60.9441],[25.5395,60.9485],[25.5522,60.9584],[25.5545,60.9598],[25.557,60.961],[25.5599,60.9621],[25.563,60.963],[25.5663,60.9637],[25.5698,60.9642],[25.5738,60.9646],[25.5989,60.9658],[25.6032,60.9663],[25.6059,60.9668],[25.6085,60.9675],[25.6152,60.9701]]}},{"type":"Feature","geometry":{"type":"LineString","coordinates":[[25.6942,60.9726],[25.7032,60.9711],[25.7072,60.9702],[25.7105,60.9692],[25.72,60.9659],[25.7549,60.9567],[25.7925,60.9487],[25.7991,60.9477],[25.8059,60.9471],[25.8336,60.9464]]}},{"type":"Feature","geometry":{"type":"LineString","coordinates":[[25.8336,60.9464],[25.8338,60.9464]]}},{"type":"Feature","geometry":{"type":"LineString","coordinates":[[25.8338,60.9464],[25.8565,60.9457],[25.9158,60.9412],[25.9193,60.9407],[25.9227,60.9399],[25.938,60.9347],[25.9437,60.9331],[25.9489,60.932],[25.9572,60.9308],[25.9823,60.9286]]}},{"type":"Feature","geometry":{"type":"LineString","coordinates":[[26.0566,60.9283],[26.0721,60.9296],[26.0768,60.9297],[26.0814,60.9294],[26.0866,60.9287],[26.0984,60.9262],[26.1028,60.9255],[26.1067,60.9253],[26.1181,60.925],[26.1281,60.924],[26.141,60.9231],[26.1575,60.9201],[26.1603,60.9194],[26.1655,60.9176],[26.1696,60.9167],[26.1724,60.9163],[26.1752,60.9161],[26.1828,60.9163]]}},{"type":"Feature","geometry":{"type":"LineString","coordinates":[[26.1828,60.9163],[26.183,60.9163]]}},{"type":"Feature","geometry":{"type":"LineString","coordinates":[[26.183,60.9163],[26.1936,60.9166],[26.1995,60.9162],[26.203,60.9157],[26.2147,60.9136],[26.2176,60.913],[26.2202,60.9122],[26.2295,60.9082],[26.2331,60.9062],[26.2357,60.9038],[26.2393,60.8987],[26.241,60.8972],[26.243,60.8958],[26.2455,60.8945],[26.2482,60.8934],[26.2513,60.8924],[26.2545,60.8917],[26.2583,60.8911],[26.2622,60.8907],[26.2753,60.8906],[26.2803,60.8903],[26.3018,60.8878],[26.3198,60.8866],[26.3679,60.8802]]}},{"type":"Feature","geometry":{"type":"LineString","coordinates":[[26.4014,60.8753],[26.476,60.8626],[26.4798,60.8621],[26.4889,60.8615],[26.4934,60.8608],[26.4987,60.8594],[26.5189,60.8524]]}},{"type":"Feature","geometry":{"type":"LineString","coordinates":[[26.5189,60.8524],[26.5191,60.8523]]}},{"type":"Feature","geometry":{"type":"LineString","coordinates":[[26.5191,60.8523],[26.532,60.8479],[26.5359,60.8469],[26.5401,60.8462],[26.5444,60.8458],[26.5825,60.8433],[26.5853,60.8432],[26.5879,60.8433],[26.5921,60.8439],[26.5959,60.8449],[26.6104,60.8507],[26.6204,60.8556],[26.6236,60.8567],[26.6271,60.8576],[26.6317,60.8583],[26.6795,60.8638],[26.6933,60.8647]]}},{"type":"Feature","geometry":{"type":"LineString","coordinates":[[26.8585,60.8773],[26.9292,60.8776]]}},{"type":"Feature","geometry":{"type":"LineString","coordinates":[[26.9292,60.8776],[26.9408,60.8777],[26.9447,60.8778],[26.9485,60.8783],[26.9597,60.8801]]}},{"type":"Feature","geometry":{"type":"LineString","coordinates":[[26.9597,60.8801],[26.9599,60.8801]]}},{"type":"Feature","geometry":{"type":"LineString","coordinates":[[26.9599,60.8801],[26.9669,60.8812],[26.972,60.8818],[26.9955,60.8832],[27.0245,60.8867],[27.0942,60.8977],[27.0988,60.8983],[27.1037,60.8988]]}},{"type":"Feature","geometry":{"type":"LineString","coordinates":[[27.1389,60.9014],[27.1528,60.9023],[27.1929,60.9033],[27.3393,60.9104]]}},{"type":"Feature","geometry":{"type":"LineString","coordinates":[[27.3775,60.9122],[27.5036,60.9185],[27.5095,60.9184],[27.5154,60.918],[27.5505,60.9141]]}},{"type":"Feature","geometry":{"type":"LineString","coordinates":[[27.5767,60.9111],[27.5862,60.91],[27.5906,60.9099],[27.6068,60.9109],[27.6115,60.9115],[27.6144,60.9122],[27.6172,60.9131],[27.654,60.9271],[27.6596,60.9288],[27.6655,60.9303],[27.6748,60.932],[27.7498,60.9427]]}},{"type":"Feature","geometry":{"type":"LineString","coordinates":[[24.7817,60.746],[24.7818,60.745],[24.7823,60.7444],[24.7832,60.7438],[24.7846,60.7433],[24.786,60.7432],[24.7894,60.7432],[24.7997,60.7424]]}},{"type":"Feature","geometry":{"type":"LineString","coordinates":[[25.1345,60.4901],[25.1335,60.4993]]}},{"type":"Feature","geometry":{"type":"LineString","coordinates":[[25.1342,60.4932],[25.1335,60.4993]]}},{"type":"Feature","geometry":{"type":"LineString","coordinates":[[25.4885,60.793],[25.5004,60.8052]]}},{"type":"Feature","geometry":{"type":"LineString","coordinates":[[25.1094,60.4282],[25.1086,60.433],[25.1087,60.4346],[25.1093,60.4361],[25.1103,60.4378],[25.1117,60.4393],[25.1134,60.4407],[25.1161,60.4425]]}},{"type":"Feature","geometry":{"type":"LineString","coordinates":[[25.3029,60.6436],[25.318,60.6555]]}},{"type":"Feature","geometry":{"type":"LineString","coordinates":[[25.4885,60.7931],[25.4999,60.8048]]}},{"type":"Feature","geometry":{"type":"LineString","coordinates":[[25.1107,60.4231],[25.1077,60.4309],[25.1076,60.4328],[25.1079,60.4347],[25.109,60.4368],[25.1108,60.4389],[25.1128,60.4404],[25.1175,60.4435]]}},{"type":"Feature","geometry":{"type":"LineString","coordinates":[[25.4874,60.7919],[25.5014,60.8064]]}},{"type":"Feature","geometry":{"type":"LineString","coordinates":[[25.3034,60.6441],[25.3174,60.655]]}},{"type":"Feature","geometry":{"type":"LineString","coordinates":[[25.3035,60.6441],[25.3174,60.655]]}},{"type":"Feature","geometry":{"type":"LineString","coordinates":[[25.3016,60.6426],[25.3193,60.6565]]}},{"type":"Feature","geometry":{"type":"LineString","coordinates":[[25.1344,60.4913],[25.1336,60.4993]]}},{"type":"Feature","geometry":{"type":"LineString","coordinates":[[25.4886,60.7931],[25.4999,60.8048]]}},{"type":"Feature","geometry":{"type":"LineString","coordinates":[[25.1342,60.4932],[25.1336,60.4993]]}},{"type":"Feature","geometry":{"type":"LineString","coordinates":[[25.1161,60.4425],[25.1203,60.4453],[25.1228,60.4479],[25.1241,60.4508],[25.1247,60.4564],[25.1262,60.4598],[25.1295,60.4642],[25.136,60.4705],[25.1373,60.4722],[25.1382,60.4741],[25.1388,60.4767],[25.1386,60.4793],[25.1379,60.4813],[25.1353,60.4866],[25.1344,60.4913]]}},{"type":"Feature","geometry":{"type":"LineString","coordinates":[[25.1336,60.4993],[25.1334,60.5031],[25.1343,60.5068],[25.1362,60.5103],[25.1391,60.5138],[25.1415,60.5159],[25.1444,60.518],[25.1619,60.5281],[25.1654,60.5305],[25.1684,60.5329],[25.1719,60.5364],[25.1783,60.5441],[25.1886,60.5601],[25.1908,60.563],[25.1933,60.5657],[25.1973,60.5694],[25.202,60.5729],[25.2061,60.5755],[25.2166,60.5817]]}},{"type":"Feature","geometry":{"type":"LineString","coordinates":[[25.2166,60.5817],[25.2199,60.5836]]}},{"type":"Feature","geometry":{"type":"LineString","coordinates":[[25.2199,60.5836],[25.2317,60.5905],[25.2377,60.5944],[25.2425,60.5978],[25.2562,60.6082],[25.2668,60.6153],[25.3016,60.6426]]}},{"type":"Feature","geometry":{"type":"LineString","coordinates":[[25.3193,60.6565],[25.3254,60.6611],[25.3313,60.665],[25.3361,60.6677],[25.3516,60.6759],[25.3567,60.6783],[25.3621,60.6806],[25.3825,60.6883],[25.388,60.6908],[25.3932,60.6935],[25.3995,60.6973],[25.4106,60.705],[25.4291,60.7165],[25.4342,60.7202],[25.4382,60.7237],[25.4414,60.7273],[25.4522,60.743],[25.4549,60.7474],[25.4608,60.7595],[25.4633,60.7634],[25.4836,60.7877],[25.4885,60.793]]}},{"type":"Feature","geometry":{"type":"LineString","coordinates":[[25.5004,60.8052],[25.5048,60.8099],[25.508,60.814],[25.5107,60.8184],[25.5128,60.8229],[25.5145,60.8292],[25.5173,60.8498],[25.5174,60.8571],[25.5162,60.8644],[25.5061,60.895],[25.5051,60.9002],[25.5049,60.9102],[25.5054,60.9136],[25.5062,60.9158],[25.5074,60.9181],[25.509,60.9202],[25.511,60.9224]]}},{"type":"Feature","geometry":{"type":"LineString","coordinates":[[25.511,60.9224],[25.5158,60.9272]]}},{"type":"Feature","geometry":{"type":"LineString","coordinates":[[25.1175,60.4435],[25.1211,60.4461],[25.1233,60.4489],[25.1241,60.4512],[25.1246,60.4565],[25.1255,60.4586],[25.1269,60.4609],[25.1299,60.4647],[25.1359,60.4704],[25.1372,60.4722],[25.1382,60.4742],[25.1387,60.4768],[25.1385,60.4794],[25.1378,60.4814],[25.1353,60.4863],[25.1345,60.4901]]}},{"type":"Feature","geometry":{"type":"LineString","coordinates":[[25.1335,60.4993],[25.1334,60.5032],[25.1342,60.5068],[25.1362,60.5104],[25.139,60.5138],[25.1415,60.516],[25.1444,60.5181],[25.1618,60.5281],[25.1652,60.5304],[25.1683,60.5328],[25.1718,60.5363],[25.1781,60.5441],[25.1886,60.5602],[25.1908,60.5631],[25.1935,60.566],[25.1976,60.5697],[25.2023,60.5732],[25.2181,60.5826]]}},{"type":"Feature","geometry":{"type":"LineString","coordinates":[[25.2181,60.5826],[25.2183,60.5827]]}},{"type":"Feature","geometry":{"type":"LineString","coordinates":[[25.2183,60.5827],[25.2327,60.5912],[25.2409,60.5967],[25.256,60.6081],[25.2683,60.6165],[25.3029,60.6436]]}},{"type":"Feature","geometry":{"type":"LineString","coordinates":[[25.318,60.6555],[25.3247,60.6607],[25.3307,60.6647],[25.3357,60.6676],[25.3511,60.6757],[25.3564,60.6783],[25.3619,60.6806],[25.3823,60.6882],[25.3875,60.6906],[25.3923,60.693],[25.3985,60.6967],[25.409,60.7041],[25.4187,60.7101]]}},{"type":"Feature","geometry":{"type":"LineString","coordinates":[[25.4187,60.7101],[25.422,60.7121]]}},{"type":"Feature","geometry":{"type":"LineString","coordinates":[[25.422,60.7121],[25.4292,60.7166],[25.4333,60.7195],[25.4375,60.7231],[25.4409,60.7268],[25.4535,60.7451],[25.4605,60.7591],[25.4628,60.7628],[25.4832,60.7874],[25.4874,60.7919]]}},{"type":"Feature","geometry":{"type":"LineString","coordinates":[[25.5014,60.8064],[25.5053,60.8106],[25.5084,60.8147],[25.511,60.819],[25.5129,60.8234],[25.5145,60.8294],[25.5172,60.8498],[25.5173,60.857],[25.5162,60.8643],[25.506,60.8951],[25.505,60.9006],[25.5049,60.9105],[25.5055,60.9141],[25.5064,60.9165],[25.5078,60.9188],[25.5095,60.9209],[25.5121,60.9236]]}},{"type":"Feature","geometry":{"type":"LineString","coordinates":[[25.5121,60.9236],[25.5135,60.925]]}},{"type":"Feature","geometry":{"type":"LineString","coordinates":[[24.1397,63.9103],[24.1609,63.9186]]}},{"type":"Feature","geometry":{"type":"LineString","coordinates":[[22.8502,62.7893],[22.8359,62.7958]]}},{"type":"Feature","geometry":{"type":"LineString","coordinates":[[23.6094,63.8687],[23.651,63.8683],[23.6568,63.8685],[23.663,63.8691]]}},{"type":"Feature","geometry":{"type":"LineString","coordinates":[[22.9609,63.167],[22.9492,63.176]]}},{"type":"Feature","geometry":{"type":"LineString","coordinates":[[25.0265,64.6072],[25.0402,64.6181]]}},{"type":"Feature","geometry":{"type":"LineString","coordinates":[[25.8756,66.5188],[25.8802,66.5181],[25.8843,66.517]]}},{"type":"Feature","geometry":{"type":"LineString","coordinates":[[23.6205,63.8687],[23.647,63.8684]]}},{"type":"Feature","geometry":{"type":"LineString","coordinates":[[25.2158,64.7272],[25.229,64.7349]]}},{"type":"Feature","geometry":{"type":"LineString","coordinates":[[25.4862,65.0278],[25.4683,65.0292],[25.465,65.0297]]}},{"type":"Feature","geometry":{"type":"LineString","coordinates":[[23.8942,63.8953],[23.9049,63.8961],[23.9079,63.8965],[23.9105,63.8971],[23.9213,63.9001]]}},{"type":"Feature","geometry":{"type":"LineString","coordinates":[[25.4801,65.0084],[25.4894,65.0149]]}},{"type":"Feature","geometry":{"type":"LineString","coordinates":[[22.8291,63.2816],[22.8197,63.2907]]}},{"type":"Feature","geometry":{"type":"LineString","coordinates":[[22.6627,63.461],[22.6655,63.4662],[22.6669,63.4708]]}},{"type":"Feature","geometry":{"type":"LineString","coordinates":[[22.7777,63.3398],[22.767,63.3477]]}},{"type":"Feature","geometry":{"type":"LineString","coordinates":[[24.9428,64.3396],[24.9633,64.3472]]}},{"type":"Feature","geometry":{"type":"LineString","coordinates":[[22.7833,63.5925],[22.807,63.6021]]}},{"type":"Feature","geometry":{"type":"LineString","coordinates":[[25.513,64.9083],[25.5168,64.9197]]}},{"type":"Feature","geometry":{"type":"LineString","coordinates":[[23.1505,63.8337],[23.1543,63.8329],[23.1578,63.8324],[23.1688,63.8317]]}},{"type":"Feature","geometry":{"type":"LineString","coordinates":[[24.5438,65.7936],[24.53,65.7981]]}},{"type":"Feature","geometry":{"type":"LineString","coordinates":[[22.8521,62.7884],[22.8359,62.7958]]}},{"type":"Feature","geometry":{"type":"LineString","coordinates":[[23.0129,63.0317],[23.0134,63.0368],[23.0146,63.0409]]}},{"type":"Feature","geometry":{"type":"LineString","coordinates":[[27.4012,66.7159],[27.403,66.7167],[27.4042,66.7177],[27.4046,66.7185],[27.4045,66.7202]]}},{"type":"Feature","geometry":{"type":"LineString","coordinates":[[25.2838,64.7667],[25.2912,64.7709],[25.3008,64.7751]]}},{"type":"Feature","geometry":{"type":"LineString","coordinates":[[25.4894,65.0149],[25.4962,65.0205],[25.4965,65.0217],[25.4961,65.024]]}},{"type":"Feature","geometry":{"type":"LineString","coordinates":[[27.4045,66.7202],[27.4038,66.7249],[27.4022,66.727]]}},{"type":"Feature","geometry":{"type":"LineString","coordinates":[[24.7696,66.0793],[24.7778,66.0869]]}},{"type":"Feature","geometry":{"type":"LineString","coordinates":[[25.4961,65.024],[25.4948,65.0254],[25.4925,65.0265],[25.4896,65.0274],[25.4862,65.0278]]}},{"type":"Feature","geometry":{"type":"LineString","coordinates":[[23.1258,63.8343],[23.1417,63.8351],[23.1452,63.8347],[23.1505,63.8337]]}},{"type":"Feature","geometry":{"type":"LineString","coordinates":[[25.3723,66.3684],[25.3785,66.3739],[25.379,66.3751],[25.3785,66.3764]]}},{"type":"Feature","geometry":{"type":"LineString","coordinates":[[22.8291,63.2816],[22.8197,63.2907]]}},{"type":"Feature","geometry":{"type":"LineString","coordinates":[[27.4022,66.727],[27.4007,66.7287],[27.395,66.7324]]}},{"type":"Feature","geometry":{"type":"LineString","coordinates":[[23.1038,63.8127],[23.1095,63.8243],[23.1117,63.8271],[23.1161,63.8315],[23.1177,63.8326],[23.1193,63.8334],[23.1209,63.8338],[23.1227,63.8341],[23.125,63.8343]]}},{"type":"Feature","geometry":{"type":"LineString","coordinates":[[26.6778,66.617],[26.6984,66.619]]}},{"type":"Feature","geometry":{"type":"LineString","coordinates":[[23.0174,62.957],[23.0148,62.963],[23.0146,62.9645],[23.0148,62.9672]]}},{"type":"Feature","geometry":{"type":"LineString","coordinates":[[23.0307,63.719],[23.0381,63.7247],[23.0414,63.7269]]}},{"type":"Feature","geometry":{"type":"LineString","coordinates":[[25.4371,65.3125],[25.4399,65.315],[25.441,65.3163],[25.4415,65.3177],[25.442,65.3205]]}},{"type":"Feature","geometry":{"type":"LineString","coordinates":[[23.6064,63.8688],[23.6516,63.8684],[23.6577,63.8687],[23.6676,63.8697]]}},{"type":"Feature","geometry":{"type":"LineString","coordinates":[[22.6652,63.4031],[22.6509,63.4107]]}},{"type":"Feature","geometry":{"type":"LineString","coordinates":[[24.5796,65.7324],[24.5703,65.74],[24.5698,65.741],[24.5699,65.7442]]}},{"type":"Feature","geometry":{"type":"LineString","coordinates":[[25.023,64.6016],[25.0239,64.6046],[25.0259,64.6067]]}},{"type":"Feature","geometry":{"type":"LineString","coordinates":[[22.8836,63.2288],[22.8766,63.2344],[22.8751,63.2363],[22.8741,63.2385]]}},{"type":"Feature","geometry":{"type":"LineString","coordinates":[[25.4847,64.9821],[25.4821,64.9849],[25.4735,64.9998],[25.4734,65.0016],[25.474,65.0033],[25.4754,65.0049],[25.4777,65.0066]]}},{"type":"Feature","geometry":{"type":"LineString","coordinates":[[24.5275,64.0594],[24.5373,64.0654],[24.5399,64.0679],[24.5407,64.0695],[24.5407,64.0755]]}},{"type":"Feature","geometry":{"type":"LineString","coordinates":[[23.0148,62.9672],[23.0147,62.9701],[23.0116,62.9784]]}},{"type":"Feature","geometry":{"type":"LineString","coordinates":[[23.1038,63.8127],[23.11,63.8249],[23.1161,63.8314],[23.1178,63.8326],[23.1201,63.8336],[23.1225,63.834],[23.1258,63.8343]]}},{"type":"Feature","geometry":{"type":"LineString","coordinates":[[24.992,64.4782],[24.9947,64.4888]]}},{"type":"Feature","geometry":{"type":"LineString","coordinates":[[24.7072,64.1397],[24.7168,64.1466],[24.7204,64.1504]]}},{"type":"Feature","geometry":{"type":"LineString","coordinates":[[25.2783,65.5315],[25.2665,65.54]]}},{"type":"Feature","geometry":{"type":"LineString","coordinates":[[25.7101,66.4977],[25.7148,66.497]]}},{"type":"Feature","geometry":{"type":"LineString","coordinates":[[24.5295,64.0608],[24.5376,64.0657],[24.54,64.0682],[24.5406,64.0696],[24.5406,64.0765]]}},{"type":"Feature","geometry":{"type":"LineString","coordinates":[[22.6906,63.52],[22.7025,63.5275]]}},{"type":"Feature","geometry":{"type":"LineString","coordinates":[[22.8951,63.6255],[22.907,63.6332]]}},{"type":"Feature","geometry":{"type":"LineString","coordinates":[[24.1373,63.9093],[24.1634,63.9195]]}},{"type":"Feature","geometry":{"type":"LineString","coordinates":[[25.0259,64.6067],[25.0402,64.6181]]}},{"type":"Feature","geometry":{"type":"LineString","coordinates":[[25.068,65.6626],[25.0518,65.6639],[25.0398,65.6645]]}},{"type":"Feature","geometry":{"type":"LineString","coordinates":[[25.6893,66.4982],[25.6952,66.4985],[25.7075,66.4979]]}},{"type":"Feature","geometry":{"type":"LineString","coordinates":[[25.4074,65.194],[25.4063,65.2008],[25.407,65.2036]]}},{"type":"Feature","geometry":{"type":"LineString","coordinates":[[22.7839,63.5928],[22.807,63.6021]]}},{"type":"Feature","geometry":{"type":"LineString","coordinates":[[24.616,65.8923],[24.6356,65.897]]}},{"type":"Feature","geometry":{"type":"LineString","coordinates":[[24.8207,64.2673],[24.8215,64.2706],[24.8231,64.273],[24.8258,64.2752],[24.8309,64.2778]]}},{"type":"Feature","geometry":{"type":"LineString","coordinates":[[25.0054,64.5316],[25.0082,64.5426]]}},{"type":"Feature","geometry":{"type":"LineString","coordinates":[[22.9609,63.167],[22.9559,63.1711],[22.9492,63.176]]}},{"type":"Feature","geometry":{"type":"LineString","coordinates":[[25.0901,64.6568],[25.1052,64.6634]]}},{"type":"Feature","geometry":{"type":"LineString","coordinates":[[23.0371,63.0977],[23.0286,63.1068]]}},{"type":"Feature","geometry":{"type":"LineString","coordinates":[[23.8988,63.8957],[23.9056,63.8963],[23.9085,63.8967],[23.9196,63.8996]]}},{"type":"Feature","geometry":{"type":"LineString","coordinates":[[25.4173,64.8076],[25.4334,64.8139]]}},{"type":"Feature","geometry":{"type":"LineString","coordinates":[[23.125,63.8343],[23.1396,63.8351],[23.1427,63.8351],[23.1456,63.8347],[23.1535,63.8331],[23.1571,63.8325],[23.1711,63.8316]]}},{"type":"Feature","geometry":{"type":"LineString","coordinates":[[27.221,66.696],[27.2268,66.6971]]}},{"type":"Feature","geometry":{"type":"LineString","coordinates":[[25.4777,65.0066],[25.4855,65.0118],[25.4887,65.0143]]}},{"type":"Feature","geometry":{"type":"LineString","coordinates":[[22.6627,63.461],[22.6657,63.466],[22.6669,63.4708]]}},{"type":"Feature","geometry":{"type":"LineString","coordinates":[[25.1969,66.1683],[25.2145,66.1709]]}},{"type":"Feature","geometry":{"type":"LineString","coordinates":[[25.4869,64.9799],[25.4847,64.9821]]}},{"type":"Feature","geometry":{"type":"LineString","coordinates":[[25.5095,64.9577],[25.4986,64.9684]]}},{"type":"Feature","geometry":{"type":"LineString","coordinates":[[25.4141,65.3949],[25.4084,65.4065]]}},{"type":"Feature","geometry":{"type":"LineString","coordinates":[[24.8243,65.6808],[24.7959,65.6828]]}},{"type":"Feature","geometry":{"type":"LineString","coordinates":[[24.5699,65.7442],[24.5698,65.7483],[24.5674,65.7548],[24.567,65.7603]]}},{"type":"Feature","geometry":{"type":"LineString","coordinates":[[24.567,65.7603],[24.5666,65.7694],[24.5652,65.7791]]}},{"type":"Feature","geometry":{"type":"LineString","coordinates":[[24.5406,64.0765],[24.5407,64.0779],[24.5412,64.079],[24.5423,64.08],[24.544,64.081],[24.546,64.0817],[24.5607,64.0861],[24.5715,64.0907],[24.574,64.0914],[24.5769,64.0919],[24.5885,64.0927],[24.5913,64.0931],[24.5941,64.0938],[24.6253,64.1024],[24.6297,64.1041],[24.6375,64.1082],[24.6404,64.1095],[24.6435,64.1104],[24.6579,64.1141],[24.6616,64.1153],[24.6889,64.1268],[24.6913,64.1283],[24.7072,64.1397]]}},{"type":"Feature","geometry":{"type":"LineString","coordinates":[[24.7204,64.1504],[24.722,64.1521],[24.7241,64.1534],[24.7261,64.1543],[24.7325,64.1565],[24.7362,64.1586],[24.744,64.1659],[24.747,64.1712],[24.7521,64.1754],[24.7556,64.1779],[24.7747,64.1896],[24.7772,64.1914],[24.7796,64.1943],[24.7843,64.2047],[24.7867,64.2083],[24.788,64.212],[24.7895,64.2141],[24.7996,64.2239],[24.8014,64.225],[24.8107,64.2297],[24.8133,64.2317],[24.8144,64.234],[24.8207,64.2673]]}},{"type":"Feature","geometry":{"type":"LineString","coordinates":[[24.8309,64.2778],[24.8654,64.2957],[24.9234,64.3308],[24.9335,64.336],[24.9428,64.3396]]}},{"type":"Feature","geometry":{"type":"LineString","coordinates":[[24.9633,64.3472],[24.9679,64.3491],[24.9712,64.3512],[24.9742,64.3542],[24.9756,64.357],[24.9757,64.3591],[24.9725,64.3993],[24.992,64.4782]]}},{"type":"Feature","geometry":{"type":"LineString","coordinates":[[24.9947,64.4888],[25.0054,64.5316]]}},{"type":"Feature","geometry":{"type":"LineString","coordinates":[[25.0082,64.5426],[25.023,64.6016]]}},{"type":"Feature","geometry":{"type":"LineString","coordinates":[[25.0402,64.6181],[25.085,64.654],[25.0873,64.6555],[25.0901,64.6568]]}},{"type":"Feature","geometry":{"type":"LineString","coordinates":[[25.1052,64.6634],[25.1099,64.6655],[25.1127,64.6669],[25.2158,64.7272]]}},{"type":"Feature","geometry":{"type":"LineString","coordinates":[[25.229,64.7349],[25.2838,64.7667]]}},{"type":"Feature","geometry":{"type":"LineString","coordinates":[[25.3008,64.7751],[25.323,64.7848],[25.3263,64.786],[25.33,64.7872],[25.336,64.7886],[25.4017,64.802],[25.4066,64.8034],[25.4173,64.8076]]}},{"type":"Feature","geometry":{"type":"LineString","coordinates":[[25.4334,64.8139],[25.4441,64.8182],[25.4522,64.8222],[25.4556,64.8243],[25.4939,64.8562],[25.4959,64.8581],[25.4975,64.8609],[25.513,64.9083]]}},{"type":"Feature","geometry":{"type":"LineString","coordinates":[[25.5168,64.9197],[25.5232,64.9394],[25.5234,64.9423],[25.5228,64.9441],[25.5215,64.9459],[25.5095,64.9577]]}},{"type":"Feature","geometry":{"type":"LineString","coordinates":[[25.4986,64.9684],[25.4869,64.9799]]}},{"type":"Feature","geometry":{"type":"LineString","coordinates":[[25.465,65.0297],[25.4608,65.0308],[25.4575,65.0324],[25.4469,65.0412],[25.44,65.0452],[25.4386,65.047],[25.438,65.0557],[25.4228,65.0941],[25.4166,65.1186],[25.4166,65.1321],[25.4172,65.1338],[25.4197,65.1368],[25.4204,65.1383],[25.4208,65.1468],[25.4203,65.1485],[25.414,65.1633],[25.4095,65.1812],[25.4074,65.194]]}},{"type":"Feature","geometry":{"type":"LineString","coordinates":[[25.407,65.2036],[25.4155,65.2243],[25.4166,65.2258],[25.4197,65.2283],[25.4208,65.2296],[25.422,65.2338],[25.4269,65.242],[25.4276,65.2436],[25.4279,65.3029],[25.4284,65.3043],[25.4294,65.3057],[25.4371,65.3125]]}},{"type":"Feature","geometry":{"type":"LineString","coordinates":[[25.442,65.3205],[25.4428,65.3268],[25.4412,65.3371],[25.4397,65.3423],[25.4141,65.3949]]}},{"type":"Feature","geometry":{"type":"LineString","coordinates":[[25.4084,65.4065],[25.4072,65.409],[25.4069,65.4108],[25.4085,65.4262],[25.4082,65.4285],[25.399,65.4446],[25.3955,65.4527],[25.3945,65.4539],[25.3903,65.4574],[25.3893,65.4587],[25.389,65.4603],[25.39,65.4655],[25.3892,65.4671],[25.3871,65.4688],[25.3846,65.4699],[25.3786,65.4711],[25.3658,65.4733],[25.362,65.4744],[25.3588,65.4759],[25.3565,65.4776],[25.3328,65.5001],[25.3302,65.5021],[25.316,65.5106],[25.3108,65.5133],[25.2892,65.5258],[25.2814,65.5295],[25.2783,65.5315]]}},{"type":"Feature","geometry":{"type":"LineString","coordinates":[[25.2665,65.54],[25.2277,65.5699],[25.2259,65.5721],[25.2166,65.5886],[25.2148,65.5906],[25.2124,65.5924],[25.1597,65.623],[25.0863,65.6592],[25.0832,65.6605],[25.0797,65.6614],[25.0735,65.6622],[25.068,65.6626]]}},{"type":"Feature","geometry":{"type":"LineString","coordinates":[[25.0398,65.6645],[25.0273,65.6652],[25.0155,65.6664],[24.9978,65.6674],[24.9767,65.6708],[24.9153,65.6775],[24.8873,65.6791],[24.8691,65.6804],[24.8364,65.68],[24.8243,65.6808]]}},{"type":"Feature","geometry":{"type":"LineString","coordinates":[[24.7959,65.6828],[24.786,65.6836],[24.7775,65.6848],[24.7665,65.687],[24.7049,65.6981],[24.6837,65.7038],[24.6465,65.7115],[24.6042,65.7245],[24.5931,65.727],[24.5895,65.728],[24.5846,65.7291],[24.5818,65.7303],[24.58,65.7319]]}},{"type":"Feature","geometry":{"type":"LineString","coordinates":[[24.58,65.7319],[24.5796,65.7324]]}},{"type":"Feature","geometry":{"type":"LineString","coordinates":[[24.5652,65.7791],[24.5641,65.7868],[24.5629,65.7883],[24.5613,65.789],[24.5591,65.7896],[24.5517,65.7905],[24.5495,65.7909],[24.548,65.7915],[24.5454,65.793],[24.5438,65.7936]]}},{"type":"Feature","geometry":{"type":"LineString","coordinates":[[24.53,65.7981],[24.5275,65.799],[24.5261,65.8001],[24.5255,65.8013],[24.5259,65.8025],[24.527,65.8034],[24.5388,65.8106],[24.5417,65.813],[24.5587,65.8377],[24.5887,65.8659],[24.6008,65.8851],[24.6034,65.8873],[24.6068,65.8892],[24.611,65.8909],[24.616,65.8923]]}},{"type":"Feature","geometry":{"type":"LineString","coordinates":[[24.6356,65.897],[24.6388,65.8979],[24.6412,65.8987],[24.6434,65.8998],[24.6452,65.901],[24.6592,65.9136],[24.6719,65.9293],[24.6757,65.9318],[24.6827,65.935],[24.6856,65.9365],[24.6884,65.9385],[24.6904,65.9407],[24.6919,65.9439],[24.6995,65.9874],[24.7161,66.0198],[24.7175,66.0216],[24.7195,66.0234],[24.7296,66.0292],[24.7327,66.0318],[24.7342,66.034],[24.7377,66.0432],[24.7388,66.0451],[24.7583,66.0641],[24.766,66.0757],[24.7696,66.0793]]}},{"type":"Feature","geometry":{"type":"LineString","coordinates":[[24.7778,66.0869],[24.7856,66.0942],[24.7894,66.0967],[24.8223,66.1106],[24.8267,66.1121],[24.8699,66.1226],[24.8982,66.1286],[24.9872,66.149],[24.9908,66.1496],[24.9946,66.1499],[25.0047,66.1497],[25.0092,66.1499],[25.1073,66.1585],[25.1133,66.1593],[25.1299,66.1627],[25.1357,66.1635],[25.1921,66.1678],[25.1969,66.1683]]}},{"type":"Feature","geometry":{"type":"LineString","coordinates":[[25.2145,66.1709],[25.2177,66.1716],[25.2202,66.1726],[25.3408,66.2418],[25.3428,66.2434],[25.3433,66.2451],[25.3415,66.2522],[25.3404,66.2536],[25.3305,66.2637],[25.3297,66.2655],[25.3298,66.2687],[25.3275,66.2715],[25.3269,66.2732],[25.3272,66.2746],[25.3446,66.3167],[25.3445,66.3184],[25.339,66.3397],[25.339,66.3414],[25.3398,66.3431],[25.3414,66.3447],[25.3639,66.3627],[25.3704,66.3669],[25.3723,66.3684]]}},{"type":"Feature","geometry":{"type":"LineString","coordinates":[[25.3785,66.3764],[25.3728,66.3883],[25.3726,66.3893],[25.373,66.3903],[25.3744,66.3916],[25.3786,66.3935],[25.3805,66.3948],[25.4114,66.4242],[25.4125,66.4257],[25.4134,66.4283],[25.4142,66.4292],[25.4163,66.4305],[25.4193,66.4313],[25.4223,66.4317],[25.4312,66.4322],[25.4368,66.4329],[25.4497,66.4352],[25.453,66.4362],[25.4559,66.4374],[25.4589,66.4394],[25.4605,66.4418],[25.4606,66.4439],[25.459,66.4476],[25.4592,66.449],[25.4601,66.4503],[25.4618,66.4516],[25.4759,66.4604],[25.4789,66.4619],[25.4818,66.4628],[25.526,66.4746],[25.5494,66.4825],[25.5548,66.4838],[25.5947,66.4906],[25.5991,66.4912],[25.6726,66.4965],[25.6825,66.4976],[25.6893,66.4982]]}},{"type":"Feature","geometry":{"type":"LineString","coordinates":[[25.7148,66.497],[25.7243,66.4957],[25.7289,66.4954],[25.7317,66.4955],[25.7421,66.4964],[25.7459,66.4971],[25.7482,66.498],[25.7497,66.4992],[25.7503,66.5003],[25.7509,66.5037],[25.7518,66.5047],[25.7534,66.5056],[25.7596,66.5075],[25.7623,66.5081],[25.7648,66.5085],[25.7754,66.5093],[25.7776,66.5097],[25.7796,66.5102],[25.7815,66.5112],[25.7966,66.5211],[25.7993,66.5223],[25.8019,66.5232],[25.8049,66.524],[25.8082,66.5246],[25.813,66.525],[25.8179,66.525],[25.845,66.523],[25.8756,66.5188]]}},{"type":"Feature","geometry":{"type":"LineString","coordinates":[[25.8843,66.517],[25.8939,66.5144],[25.898,66.5138],[25.9025,66.5134],[25.9884,66.5075],[26.0256,66.507],[26.0576,66.5048],[26.0644,66.5046],[26.0704,66.505],[26.1314,66.5103],[26.1361,66.5108],[26.1406,66.5116],[26.2043,66.5252],[26.2115,66.5263],[26.2169,66.5267],[26.2223,66.5267],[26.2547,66.5243],[26.2594,66.5243],[26.2641,66.5247],[26.2673,66.5252],[26.2703,66.5259],[26.3131,66.5383],[26.4157,66.572],[26.4202,66.5739],[26.4263,66.5774],[26.4304,66.579],[26.4736,66.5902],[26.478,66.5911],[26.4826,66.5916],[26.5101,66.5936],[26.6174,66.6065],[26.6426,66.6092],[26.6451,66.6097],[26.6473,66.6103],[26.6556,66.614],[26.6587,66.6149],[26.6619,66.6154],[26.6778,66.617]]}},{"type":"Feature","geometry":{"type":"LineString","coordinates":[[26.6984,66.619],[26.7451,66.6237],[26.7919,66.6315],[26.7967,66.6321],[26.8837,66.6369],[26.8895,66.6374],[26.8937,66.6381],[26.8976,66.6389],[26.9248,66.6469],[26.9281,66.6477],[26.9317,66.6482],[26.9352,66.6484],[26.944,66.6486],[26.9486,66.6488],[27.0061,66.6542],[27.0383,66.6573],[27.0421,66.6575],[27.0547,66.6578],[27.0844,66.6595],[27.0906,66.6602],[27.096,66.6612],[27.1219,66.6674],[27.1611,66.6752],[27.1653,66.6762],[27.1696,66.6776],[27.1733,66.6793],[27.1845,66.6871],[27.1872,66.6885],[27.1904,66.6898],[27.1938,66.6909],[27.1975,66.6917],[27.221,66.696]]}},{"type":"Feature","geometry":{"type":"LineString","coordinates":[[27.2268,66.6971],[27.2346,66.6985],[27.2401,66.6991],[27.2811,66.7013],[27.3855,66.7125],[27.3895,66.713],[27.3934,66.7137],[27.4012,66.7159]]}},{"type":"Feature","geometry":{"type":"LineString","coordinates":[[23.1688,63.8317],[23.1825,63.8309],[23.1868,63.831],[23.1911,63.8314],[23.224,63.8358],[23.2627,63.8438],[23.2669,63.8443],[23.2899,63.8462],[23.2958,63.8463],[23.314,63.8452],[23.3191,63.8445],[23.3316,63.842],[23.3356,63.8414],[23.341,63.8409],[23.3479,63.8408]]}},{"type":"Feature","geometry":{"type":"LineString","coordinates":[[23.3479,63.8408],[23.3541,63.8408]]}},{"type":"Feature","geometry":{"type":"LineString","coordinates":[[23.3541,63.8408],[23.3582,63.8409],[23.3618,63.8411],[23.3971,63.8442],[23.402,63.8448],[23.4079,63.8461],[23.4373,63.855],[23.4598,63.8598],[23.4633,63.8605],[23.4668,63.8608],[23.477,63.8611],[23.4808,63.8614],[23.4843,63.862],[23.4929,63.8639]]}},{"type":"Feature","geometry":{"type":"LineString","coordinates":[[23.4929,63.8639],[23.4934,63.864]]}},{"type":"Feature","geometry":{"type":"LineString","coordinates":[[23.4934,63.864],[23.5034,63.8663],[23.5075,63.8669],[23.5442,63.8686],[23.5913,63.8689],[23.6094,63.8687]]}},{"type":"Feature","geometry":{"type":"LineString","coordinates":[[23.663,63.8691],[23.7183,63.8749],[23.7939,63.8844],[23.8246,63.8888],[23.8446,63.8904],[23.863,63.8929],[23.8942,63.8953]]}},{"type":"Feature","geometry":{"type":"LineString","coordinates":[[23.9213,63.9001],[23.928,63.9019],[23.9304,63.9023],[23.9331,63.9024],[23.9501,63.9014],[24.0055,63.9005],[24.0231,63.8996],[24.0288,63.8996],[24.0655,63.9017],[24.0692,63.9022],[24.0877,63.905],[24.0924,63.9055],[24.0973,63.9056],[24.1158,63.9053],[24.1215,63.9056],[24.1258,63.9061],[24.1299,63.9069],[24.1335,63.9079],[24.1373,63.9093]]}},{"type":"Feature","geometry":{"type":"LineString","coordinates":[[24.1634,63.9195],[24.1679,63.9214],[24.1712,63.9232],[24.2036,63.9455],[24.241,63.9648],[24.2448,63.9665],[24.2491,63.968],[24.2628,63.9715],[24.2674,63.9729],[24.2717,63.9746],[24.2787,63.9781]]}},{"type":"Feature","geometry":{"type":"LineString","coordinates":[[24.2787,63.9781],[24.2788,63.9781]]}},{"type":"Feature","geometry":{"type":"LineString","coordinates":[[24.2788,63.9781],[24.2869,63.9821],[24.2917,63.9839],[24.3283,63.9949],[24.3324,63.9958],[24.3446,63.9977],[24.4003,64.009],[24.4065,64.0105],[24.4131,64.0128],[24.4398,64.0242]]}},{"type":"Feature","geometry":{"type":"LineString","coordinates":[[24.4398,64.0242],[24.44,64.0243]]}},{"type":"Feature","geometry":{"type":"LineString","coordinates":[[24.44,64.0243],[24.465,64.035],[24.4687,64.0362],[24.4807,64.0399],[24.4839,64.0411],[24.4869,64.0425],[24.4957,64.0476],[24.4988,64.049],[24.5026,64.0502],[24.5153,64.0536],[24.5191,64.0549],[24.5224,64.0564],[24.5275,64.0594]]}},{"type":"Feature","geometry":{"type":"LineString","coordinates":[[23.1711,63.8316],[23.1828,63.831],[23.187,63.8311],[23.1912,63.8315],[23.2242,63.8359],[23.2626,63.8439],[23.2669,63.8444],[23.2898,63.8463],[23.2957,63.8463],[23.3138,63.8453],[23.3189,63.8447],[23.3321,63.842],[23.3362,63.8414],[23.3418,63.8409],[23.3509,63.8409]]}},{"type":"Feature","geometry":{"type":"LineString","coordinates":[[23.3509,63.8409],[23.3511,63.8409]]}},{"type":"Feature","geometry":{"type":"LineString","coordinates":[[23.3511,63.8409],[23.3572,63.8409],[23.3611,63.8411],[23.3968,63.8442],[23.4016,63.8448],[23.4077,63.8462],[23.4371,63.855],[23.46,63.86],[23.4634,63.8606],[23.4669,63.8609],[23.4766,63.8612],[23.4802,63.8614],[23.4839,63.862],[23.489,63.8631]]}},{"type":"Feature","geometry":{"type":"LineString","coordinates":[[23.489,63.8631],[23.4972,63.865]]}},{"type":"Feature","geometry":{"type":"LineString","coordinates":[[23.4972,63.865],[23.5042,63.8665],[23.5081,63.867],[23.5435,63.8687],[23.5913,63.869],[23.6064,63.8688]]}},{"type":"Feature","geometry":{"type":"LineString","coordinates":[[23.6676,63.8697],[23.7187,63.8751],[23.7944,63.8845],[23.8248,63.8889],[23.8447,63.8905],[23.8623,63.8929],[23.8988,63.8957]]}},{"type":"Feature","geometry":{"type":"LineString","coordinates":[[23.9196,63.8996],[23.9278,63.9019],[23.9304,63.9023],[23.933,63.9025],[23.9502,63.9015],[24.0062,63.9006],[24.0231,63.8997],[24.0292,63.8998],[24.0653,63.9018],[24.0875,63.9051],[24.0923,63.9055],[24.0971,63.9057],[24.1159,63.9054],[24.122,63.9057],[24.1266,63.9063],[24.131,63.9072],[24.1345,63.9083],[24.1397,63.9103]]}},{"type":"Feature","geometry":{"type":"LineString","coordinates":[[24.1609,63.9186],[24.1669,63.921],[24.1701,63.9227],[24.2035,63.9457],[24.2403,63.9645],[24.2444,63.9664],[24.2488,63.968],[24.2627,63.9715],[24.2671,63.9729],[24.2712,63.9745],[24.2766,63.9771]]}},{"type":"Feature","geometry":{"type":"LineString","coordinates":[[24.2766,63.9771],[24.2808,63.9792]]}},{"type":"Feature","geometry":{"type":"LineString","coordinates":[[24.2808,63.9792],[24.2878,63.9826],[24.2926,63.9844],[24.3273,63.9948],[24.3328,63.996],[24.3457,63.9981],[24.3999,64.0091],[24.4058,64.0105],[24.4125,64.0127],[24.434,64.022]]}},{"type":"Feature","geometry":{"type":"LineString","coordinates":[[24.434,64.022],[24.4452,64.0268]]}},{"type":"Feature","geometry":{"type":"LineString","coordinates":[[24.4452,64.0268],[24.4648,64.0351],[24.4802,64.0399],[24.4834,64.041],[24.4863,64.0424],[24.4955,64.0477],[24.4988,64.0492],[24.5025,64.0504],[24.5151,64.0536],[24.5191,64.055],[24.5225,64.0566],[24.5295,64.0608]]}},{"type":"Feature","geometry":{"type":"LineString","coordinates":[[23.0116,62.9784],[23.008,62.9885],[23.0081,62.9902],[23.0111,63.0065],[23.0107,63.0087],[23.0085,63.0136],[23.0082,63.0155],[23.0095,63.0205],[23.0124,63.0272],[23.0129,63.0317]]}},{"type":"Feature","geometry":{"type":"LineString","coordinates":[[23.0146,63.0409],[23.0172,63.0482],[23.0184,63.0503],[23.0351,63.0661],[23.0364,63.0676],[23.0372,63.0691],[23.0376,63.0714],[23.0372,63.0807],[23.0398,63.0902],[23.04,63.0918],[23.0392,63.0948],[23.0371,63.0977]]}},{"type":"Feature","geometry":{"type":"LineString","coordinates":[[23.0286,63.1068],[23.0237,63.1121],[23.0108,63.1224],[23.0091,63.124],[23.0079,63.1256],[22.9983,63.1421],[22.996,63.1447],[22.9884,63.152],[22.9857,63.1541],[22.9826,63.156],[22.9792,63.1577],[22.9677,63.1626],[22.9641,63.1646],[22.9609,63.167]]}},{"type":"Feature","geometry":{"type":"LineString","coordinates":[[22.9492,63.176],[22.9268,63.1927],[22.9248,63.1946],[22.9214,63.1987],[22.9191,63.201],[22.8836,63.2288]]}},{"type":"Feature","geometry":{"type":"LineString","coordinates":[[22.8741,63.2385],[22.8697,63.2499],[22.8686,63.2516],[22.8671,63.2533],[22.8527,63.2668],[22.8504,63.2687],[22.8458,63.2716],[22.8382,63.2752],[22.8351,63.2769],[22.8319,63.2791],[22.8291,63.2816]]}},{"type":"Feature","geometry":{"type":"LineString","coordinates":[[22.8197,63.2907],[22.8169,63.2936],[22.8156,63.2962],[22.8154,63.2981],[22.8157,63.3087],[22.8151,63.3108],[22.8137,63.3128],[22.8111,63.3152],[22.7777,63.3398]]}},{"type":"Feature","geometry":{"type":"LineString","coordinates":[[22.767,63.3477],[22.7641,63.3498],[22.7613,63.3514],[22.6652,63.4031]]}},{"type":"Feature","geometry":{"type":"LineString","coordinates":[[22.6509,63.4107],[22.6473,63.4129],[22.6448,63.4154],[22.6436,63.418],[22.6436,63.4206],[22.6479,63.4343],[22.6627,63.461]]}},{"type":"Feature","geometry":{"type":"LineString","coordinates":[[22.6669,63.4708],[22.6719,63.4882],[22.6833,63.5129],[22.6845,63.5148],[22.686,63.5166],[22.688,63.5183],[22.6906,63.52]]}},{"type":"Feature","geometry":{"type":"LineString","coordinates":[[22.7025,63.5275],[22.7075,63.5307],[22.7102,63.5327],[22.7176,63.54],[22.721,63.5427],[22.7472,63.5593],[22.7496,63.561],[22.7672,63.5782],[22.7769,63.5888],[22.7797,63.5908],[22.7833,63.5925]]}},{"type":"Feature","geometry":{"type":"LineString","coordinates":[[22.807,63.6021],[22.8118,63.604],[22.8155,63.6052],[22.8532,63.6141],[22.8593,63.6151],[22.8722,63.6166],[22.8759,63.6172],[22.8793,63.6181],[22.8837,63.6194],[22.8876,63.621],[22.8906,63.6226],[22.8951,63.6255]]}},{"type":"Feature","geometry":{"type":"LineString","coordinates":[[22.907,63.6332],[22.9393,63.6532],[22.9484,63.6597],[22.9553,63.6656],[22.9874,63.686],[22.9978,63.694],[23.0124,63.7018],[23.0143,63.7034],[23.0283,63.7169],[23.0307,63.719]]}},{"type":"Feature","geometry":{"type":"LineString","coordinates":[[23.0414,63.7269],[23.0469,63.7304],[23.0495,63.733],[23.0701,63.7649],[23.0775,63.7812],[23.0989,63.8037],[23.1001,63.8054],[23.1038,63.8127]]}},{"type":"Feature","geometry":{"type":"LineString","coordinates":[[22.8359,62.7958],[22.834,62.797],[22.8334,62.7984],[22.8339,62.7998],[22.8356,62.801],[22.8373,62.8016],[22.8394,62.802],[22.8452,62.8021],[22.8478,62.8023],[22.85,62.8028],[22.8521,62.8034],[22.9017,62.8271],[22.9191,62.8344],[22.9242,62.837],[22.9284,62.8403],[22.9589,62.8703],[22.9758,62.8849]]}},{"type":"Feature","geometry":{"type":"LineString","coordinates":[[22.9758,62.8849],[22.9837,62.8916]]}},{"type":"Feature","geometry":{"type":"LineString","coordinates":[[22.9837,62.8916],[23.0184,62.9214],[23.02,62.923],[23.0211,62.9246],[23.0253,62.9339],[23.0257,62.936],[23.0257,62.938],[23.0249,62.9411],[23.0174,62.957]]}},{"type":"Feature","geometry":{"type":"LineString","coordinates":[[22.8359,62.7958],[22.8339,62.7969],[22.8331,62.7983],[22.8336,62.7998],[22.8353,62.801],[22.8371,62.8016],[22.8391,62.802],[22.8451,62.8021],[22.8477,62.8024],[22.85,62.8028],[22.852,62.8035],[22.9014,62.8271],[22.919,62.8345],[22.9242,62.8372],[22.9281,62.8404],[22.9592,62.8709],[22.9805,62.8891]]}},{"type":"Feature","geometry":{"type":"LineString","coordinates":[[22.9805,62.8891],[23.0181,62.9214],[23.0196,62.9229],[23.0207,62.9245],[23.0249,62.9339],[23.0254,62.9359],[23.0254,62.9379],[23.0247,62.9408],[23.0191,62.9529],[23.0174,62.957]]}},{"type":"Feature","geometry":{"type":"LineString","coordinates":[[22.775,63.5868],[22.7766,63.589],[22.7773,63.5907],[22.7774,63.5921],[22.7768,63.5959]]}},{"type":"Feature","geometry":{"type":"LineString","coordinates":[[27.4012,66.7159],[27.4037,66.7166],[27.4064,66.7171],[27.4093,66.7174],[27.4125,66.7174]]}},{"type":"Feature","geometry":{"type":"LineString","coordinates":[[25.7561,62.242],[25.7595,62.2438]]}},{"type":"Feature","geometry":{"type":"LineString","coordinates":[[23.7779,61.492],[23.7805,61.4916],[23.7866,61.4914]]}},{"type":"Feature","geometry":{"type":"LineString","coordinates":[[25.1738,61.8634],[25.1726,61.8687],[25.1719,61.8702]]}},{"type":"Feature","geometry":{"type":"LineString","coordinates":[[24.358,61.6442],[24.3628,61.6475],[24.3736,61.6529]]}},{"type":"Feature","geometry":{"type":"LineString","coordinates":[[24.6527,61.7217],[24.6548,61.7229],[24.6655,61.7279]]}},{"type":"Feature","geometry":{"type":"LineString","coordinates":[[25.7487,62.2384],[25.7595,62.2438]]}},{"type":"Feature","geometry":{"type":"LineString","coordinates":[[24.3736,61.6529],[24.3756,61.6538]]}},{"type":"Feature","geometry":{"type":"LineString","coordinates":[[25.7595,62.2438],[25.7625,62.2452]]}},{"type":"Feature","geometry":{"type":"LineString","coordinates":[[25.7391,62.2347],[25.744,62.2362],[25.7487,62.2384]]}},{"type":"Feature","geometry":{"type":"LineString","coordinates":[[23.7823,61.4915],[23.7849,61.4914]]}},{"type":"Feature","geometry":{"type":"LineString","coordinates":[[25.1743,61.8613],[25.1738,61.8634]]}},{"type":"Feature","geometry":{"type":"LineString","coordinates":[[23.774,61.495],[23.7743,61.4939],[23.775,61.4931],[23.7762,61.4925],[23.7779,61.492]]}},{"type":"Feature","geometry":{"type":"LineString","coordinates":[[25.4021,61.988],[25.4091,61.9899],[25.4202,61.9935]]}},{"type":"Feature","geometry":{"type":"LineString","coordinates":[[24.5427,61.6967],[24.5465,61.6994],[24.5487,61.7005],[24.5512,61.7012],[24.5583,61.7026]]}},{"type":"Feature","geometry":{"type":"LineString","coordinates":[[24.3588,61.6447],[24.363,61.6476],[24.3756,61.6538]]}},{"type":"Feature","geometry":{"type":"LineString","coordinates":[[25.6453,62.1063],[25.6485,62.1091],[25.6517,62.1111],[25.6626,62.1165]]}},{"type":"Feature","geometry":{"type":"LineString","coordinates":[[24.8056,61.7374],[24.8206,61.7442]]}},{"type":"Feature","geometry":{"type":"LineString","coordinates":[[25.7469,62.2374],[25.7561,62.242]]}},{"type":"Feature","geometry":{"type":"LineString","coordinates":[[25.7406,62.235],[25.7439,62.236],[25.7469,62.2374]]}},{"type":"Feature","geometry":{"type":"LineString","coordinates":[[24.9319,61.8091],[24.952,61.8133]]}},{"type":"Feature","geometry":{"type":"LineString","coordinates":[[25.1714,61.8922],[25.1711,61.9001]]}},{"type":"Feature","geometry":{"type":"LineString","coordinates":[[25.6453,62.1063],[25.6482,62.1089],[25.6516,62.1112],[25.6546,62.1128],[25.6626,62.1165]]}},{"type":"Feature","geometry":{"type":"LineString","coordinates":[[23.7849,61.4914],[23.7851,61.4914]]}},{"type":"Feature","geometry":{"type":"LineString","coordinates":[[23.7851,61.4914],[23.7893,61.4914],[23.7956,61.4916],[23.7984,61.4914],[23.8011,61.491],[23.811,61.4889],[23.8155,61.4884],[23.8191,61.4883],[23.8306,61.4888],[23.8413,61.4883],[23.8444,61.4878],[23.8551,61.4854],[23.8656,61.4837],[23.8695,61.4833],[23.8945,61.4827],[23.9272,61.4795],[23.9313,61.4795],[23.9354,61.4801],[23.9382,61.4808],[23.9467,61.4836],[23.9497,61.4842],[23.9553,61.4852],[23.9582,61.486],[23.9622,61.4877],[23.968,61.4912],[23.9702,61.4922],[23.9794,61.4949],[23.9879,61.497],[23.9907,61.498],[23.9931,61.4993],[23.9952,61.5009],[23.9995,61.5055],[24.0038,61.5091],[24.0055,61.511],[24.0064,61.5127],[24.0069,61.5144],[24.0069,61.5214],[24.0073,61.5231],[24.0082,61.5244],[24.0102,61.5264],[24.012,61.5278],[24.0141,61.529],[24.0173,61.5301],[24.026,61.5319],[24.0305,61.5333],[24.0346,61.5352],[24.0398,61.5385],[24.0429,61.5398],[24.0483,61.541],[24.0643,61.5441],[24.0677,61.5451],[24.0725,61.5475],[24.0756,61.5485],[24.0786,61.5492],[24.0881,61.5507]]}},{"type":"Feature","geometry":{"type":"LineString","coordinates":[[24.0881,61.5507],[24.0883,61.5508]]}},{"type":"Feature","geometry":{"type":"LineString","coordinates":[[24.0883,61.5508],[24.0948,61.5519],[24.099,61.5531],[24.1017,61.5543],[24.1109,61.5594],[24.1667,61.6009],[24.1692,61.6024],[24.1723,61.6037],[24.1795,61.6057],[24.1879,61.6085],[24.191,61.609],[24.1984,61.6099],[24.2063,61.6117],[24.2088,61.6125],[24.219,61.6165],[24.2213,61.6171],[24.2238,61.6176],[24.2265,61.618],[24.2292,61.6181],[24.2609,61.6185],[24.2642,61.6187],[24.2674,61.6193],[24.2897,61.6248],[24.2931,61.6258],[24.2977,61.6278],[24.3043,61.6318],[24.308,61.6332],[24.3105,61.6338],[24.3133,61.6341],[24.3159,61.6343],[24.3229,61.6343],[24.3256,61.6346],[24.3282,61.635],[24.336,61.6375],[24.3523,61.6413],[24.3558,61.6427],[24.3588,61.6447]]}},{"type":"Feature","geometry":{"type":"LineString","coordinates":[[23.7866,61.4914],[23.7956,61.4916],[23.7985,61.4914],[23.8012,61.491],[23.8111,61.4889],[23.8155,61.4884],[23.8191,61.4884],[23.8307,61.4889],[23.8415,61.4883],[23.8445,61.4878],[23.8552,61.4854],[23.8656,61.4838],[23.8695,61.4833],[23.8945,61.4828],[23.9272,61.4795],[23.9313,61.4796],[23.9354,61.4801],[23.9382,61.4808],[23.9467,61.4836],[23.9497,61.4843],[23.9553,61.4852],[23.9581,61.486],[23.9621,61.4877],[23.968,61.4913],[23.9701,61.4923],[23.9793,61.495],[23.9878,61.497],[23.9907,61.498],[23.9931,61.4993],[23.9952,61.5009],[23.9994,61.5055],[24.0037,61.5091],[24.0055,61.511],[24.0064,61.5127],[24.0068,61.5144],[24.0068,61.5214],[24.0072,61.5231],[24.0081,61.5244],[24.0101,61.5264],[24.0119,61.5278],[24.014,61.529],[24.0172,61.5301],[24.0259,61.532],[24.0305,61.5333],[24.0345,61.5352],[24.0397,61.5385],[24.0428,61.5398],[24.0491,61.5412],[24.0644,61.5442],[24.0677,61.5452],[24.0724,61.5475],[24.0752,61.5485],[24.0783,61.5492],[24.0857,61.5504]]}},{"type":"Feature","geometry":{"type":"LineString","coordinates":[[24.0857,61.5504],[24.0906,61.5512]]}},{"type":"Feature","geometry":{"type":"LineString","coordinates":[[24.0906,61.5512],[24.0956,61.5521],[24.0995,61.5534],[24.1021,61.5546],[24.1111,61.5596],[24.1666,61.6009],[24.1692,61.6024],[24.1723,61.6037],[24.1795,61.6058],[24.1879,61.6085],[24.191,61.6091],[24.1983,61.6099],[24.2061,61.6117],[24.2086,61.6125],[24.2187,61.6164],[24.2212,61.6171],[24.2238,61.6177],[24.2265,61.618],[24.2292,61.6182],[24.2609,61.6185],[24.2642,61.6188],[24.2673,61.6193],[24.2897,61.6248],[24.2931,61.6258],[24.2977,61.6278],[24.3042,61.6318],[24.308,61.6332],[24.3106,61.6338],[24.3133,61.6342],[24.3159,61.6343],[24.3228,61.6343],[24.3254,61.6346],[24.3279,61.635],[24.336,61.6375],[24.352,61.6412],[24.3554,61.6425],[24.358,61.6442]]}},{"type":"Feature","geometry":{"type":"LineString","coordinates":[[24.3756,61.6538],[24.3829,61.6574],[24.3849,61.658],[24.3871,61.6584],[24.398,61.6594],[24.4013,61.6593],[24.4073,61.6584],[24.4104,61.6582],[24.4144,61.6584],[24.4182,61.6591],[24.4208,61.6599],[24.4231,61.661],[24.4291,61.6662],[24.4312,61.6675],[24.4335,61.6687],[24.4369,61.67],[24.4586,61.6769],[24.4614,61.678],[24.4654,61.6801],[24.4675,61.6809],[24.47,61.6815],[24.4726,61.6818],[24.4815,61.6821],[24.4862,61.6826],[24.5102,61.689],[24.5136,61.6897],[24.5178,61.69],[24.5288,61.6902],[24.5321,61.6906],[24.5344,61.6912],[24.5362,61.6921],[24.5427,61.6967]]}},{"type":"Feature","geometry":{"type":"LineString","coordinates":[[24.5583,61.7026],[24.5698,61.7047],[24.574,61.705],[24.5888,61.7046],[24.602,61.7026],[24.6058,61.7023],[24.6105,61.7024],[24.6199,61.7034],[24.6219,61.704],[24.6237,61.7047],[24.6461,61.7161],[24.6481,61.7174],[24.6527,61.7217]]}},{"type":"Feature","geometry":{"type":"LineString","coordinates":[[24.6655,61.7279],[24.6697,61.7298],[24.6717,61.7303],[24.6738,61.7306],[24.7078,61.7311],[24.7121,61.7313],[24.7371,61.7342],[24.7549,61.7367],[24.7571,61.7368],[24.7593,61.7366],[24.769,61.7346],[24.7719,61.7343],[24.7749,61.7342],[24.7973,61.7348],[24.7993,61.7351],[24.8012,61.7356],[24.8056,61.7374]]}},{"type":"Feature","geometry":{"type":"LineString","coordinates":[[24.8206,61.7442],[24.8285,61.7483],[24.84,61.7533],[24.8422,61.7541],[24.8476,61.7555],[24.8492,61.7562],[24.8505,61.757],[24.8517,61.7583],[24.8592,61.7676],[24.8608,61.7688],[24.8654,61.7708],[24.8673,61.7721],[24.8681,61.7732],[24.8705,61.7781],[24.8714,61.7795],[24.873,61.7808],[24.879,61.7845],[24.8805,61.7857],[24.8886,61.7955],[24.8907,61.7972],[24.8989,61.8007],[24.9026,61.802],[24.9078,61.8031],[24.9162,61.8042],[24.9191,61.8047],[24.922,61.8056],[24.9275,61.8079],[24.9319,61.8091]]}},{"type":"Feature","geometry":{"type":"LineString","coordinates":[[24.952,61.8133],[24.9622,61.8154],[24.9657,61.8164],[24.9723,61.8189],[24.9742,61.8199],[24.9757,61.821],[24.9769,61.8222],[24.9777,61.8236],[24.9807,61.8339],[24.9814,61.8353],[24.9828,61.8368],[24.9873,61.8395],[24.989,61.8411],[24.9897,61.8428],[24.9903,61.8474],[24.991,61.8487],[24.993,61.8501],[24.9959,61.851],[24.9992,61.8514],[25.0196,61.8523],[25.0222,61.8523],[25.0246,61.8521],[25.0266,61.8517],[25.0283,61.8511],[25.0353,61.8477],[25.0381,61.8467],[25.0416,61.8462],[25.0541,61.8456],[25.0599,61.8448],[25.0633,61.844],[25.0665,61.843],[25.0784,61.8378],[25.0818,61.8367],[25.0848,61.836],[25.088,61.8356],[25.0913,61.8354],[25.0946,61.8355],[25.0999,61.8361],[25.1194,61.8401],[25.1305,61.8442],[25.17,61.8565],[25.1722,61.8574],[25.1737,61.8586],[25.1744,61.8598],[25.1743,61.8613]]}},{"type":"Feature","geometry":{"type":"LineString","coordinates":[[25.1716,61.8706],[25.1697,61.8727],[25.1625,61.8779],[25.1615,61.8792],[25.1612,61.8806],[25.1615,61.882],[25.1625,61.8834],[25.1707,61.8896],[25.1713,61.8907],[25.1714,61.8922]]}},{"type":"Feature","geometry":{"type":"LineString","coordinates":[[25.1711,61.9001],[25.1714,61.9031],[25.1728,61.9059],[25.1744,61.9077],[25.1803,61.9124],[25.1824,61.9144],[25.19,61.9266],[25.1919,61.9288],[25.1942,61.9309],[25.1977,61.9332],[25.2019,61.9354],[25.2158,61.9405],[25.2204,61.9425],[25.2236,61.9442],[25.2332,61.9498],[25.238,61.952],[25.2415,61.9532],[25.2453,61.9542],[25.2741,61.9601],[25.3253,61.9718],[25.3588,61.9776],[25.3632,61.9784],[25.4021,61.988]]}},{"type":"Feature","geometry":{"type":"LineString","coordinates":[[25.4202,61.9935],[25.4279,61.996],[25.4535,62.0033],[25.5353,62.0292],[25.5433,62.0311],[25.5593,62.0337],[25.569,62.0359],[25.5742,62.0374],[25.5793,62.0391],[25.584,62.041],[25.5884,62.043],[25.5929,62.0455],[25.5969,62.0481],[25.6142,62.0606],[25.6182,62.0643],[25.6205,62.0673],[25.6419,62.1024],[25.6434,62.1044],[25.6453,62.1063]]}},{"type":"Feature","geometry":{"type":"LineString","coordinates":[[25.6626,62.1165],[25.6787,62.1236],[25.6838,62.1263],[25.6876,62.1289],[25.7008,62.1394],[25.7043,62.143],[25.724,62.1687],[25.726,62.1727],[25.7266,62.1768],[25.7237,62.2074]]}},{"type":"Feature","geometry":{"type":"LineString","coordinates":[[25.7237,62.2074],[25.7234,62.2118],[25.7244,62.2218],[25.7249,62.2239],[25.7258,62.2258],[25.7283,62.2288],[25.7321,62.2318],[25.7357,62.2335],[25.7406,62.235]]}},{"type":"Feature","geometry":{"type":"LineString","coordinates":[[29.1097,61.8625],[29.1182,61.8603],[29.1206,61.8595]]}},{"type":"Feature","geometry":{"type":"LineString","coordinates":[[27.804,62.1763],[27.8157,62.1726],[27.8195,62.171]]}},{"type":"Feature","geometry":{"type":"LineString","coordinates":[[29.3787,61.7629],[29.3807,61.762],[29.3873,61.7582]]}},{"type":"Feature","geometry":{"type":"LineString","coordinates":[[28.9148,61.8637],[28.934,61.861]]}},{"type":"Feature","geometry":{"type":"LineString","coordinates":[[28.281,62.0125],[28.2838,62.0114],[28.2978,62.0066]]}},{"type":"Feature","geometry":{"type":"LineString","coordinates":[[28.2655,62.0185],[28.2701,62.017],[28.281,62.0125]]}},{"type":"Feature","geometry":{"type":"LineString","coordinates":[[27.6961,62.2087],[27.7012,62.2078],[27.704,62.2075],[27.7217,62.2071],[27.7263,62.2068],[27.732,62.2059],[27.7391,62.204],[27.7426,62.2028],[27.7746,62.1893],[27.777,62.1881],[27.7871,62.182],[27.789,62.1811],[27.804,62.1763]]}},{"type":"Feature","geometry":{"type":"LineString","coordinates":[[27.8195,62.171],[27.8646,62.1497],[27.8804,62.1431],[27.9159,62.1245],[27.9548,62.1087],[28.0034,62.0907],[28.0059,62.0899],[28.0207,62.0868],[28.054,62.0777],[28.1349,62.0574],[28.146,62.0538],[28.1605,62.0511],[28.164,62.0503],[28.204,62.039],[28.2164,62.0345],[28.2655,62.0185]]}},{"type":"Feature","geometry":{"type":"LineString","coordinates":[[28.8522,61.8791],[28.8583,61.8806],[28.8608,61.8809],[28.8642,61.881],[28.8675,61.8805],[28.8713,61.8792],[28.8744,61.877],[28.8795,61.8747],[28.8812,61.8734],[28.8829,61.8708],[28.8838,61.8701],[28.8851,61.8696],[28.8867,61.8691],[28.8887,61.8689],[28.8937,61.8689],[28.8964,61.8686],[28.9101,61.8646],[28.9148,61.8637]]}},{"type":"Feature","geometry":{"type":"LineString","coordinates":[[28.934,61.861],[28.9483,61.8589],[28.9678,61.8569],[28.9716,61.8567],[28.9754,61.8568],[28.9789,61.8572],[29.0142,61.8631],[29.0208,61.8638],[29.0622,61.8707],[29.0648,61.8711],[29.0674,61.8712],[29.0701,61.8711],[29.0728,61.8708],[29.083,61.8689],[29.0861,61.8681],[29.0928,61.8656],[29.0952,61.8649],[29.0984,61.8644],[29.1048,61.8637],[29.1097,61.8625]]}},{"type":"Feature","geometry":{"type":"LineString","coordinates":[[29.1206,61.8595],[29.1266,61.8576],[29.1373,61.8561],[29.1404,61.8554],[29.1433,61.8545],[29.146,61.8533],[29.1584,61.847],[29.1849,61.8359],[29.188,61.8348],[29.1922,61.834],[29.1966,61.8338],[29.2003,61.834],[29.2066,61.835],[29.2101,61.835],[29.2126,61.8347],[29.2209,61.8332],[29.2239,61.8324],[29.2561,61.8185],[29.268,61.8108],[29.2786,61.8064],[29.2814,61.8059],[29.2887,61.8051],[29.2903,61.8047],[29.2933,61.8035],[29.2962,61.803],[29.2992,61.8031],[29.3097,61.8046],[29.3125,61.8045],[29.3151,61.8038],[29.3398,61.7924],[29.3422,61.7909],[29.3459,61.786],[29.3474,61.7831],[29.3471,61.7816],[29.344,61.7784],[29.3435,61.7772],[29.3439,61.7758],[29.3463,61.7736],[29.3486,61.7727],[29.3574,61.7707],[29.3603,61.7698],[29.3619,61.7692],[29.365,61.7676],[29.3676,61.7665],[29.3753,61.7642],[29.3787,61.7629]]}},{"type":"Feature","geometry":{"type":"LineString","coordinates":[[29.3873,61.7582],[29.3887,61.757],[29.3898,61.7555],[29.3942,61.7458],[29.394,61.7449],[29.3934,61.7442],[29.3877,61.7402],[29.387,61.7394],[29.3866,61.7385],[29.3866,61.7375],[29.3882,61.7309],[29.3872,61.7224],[29.3874,61.7206],[29.3882,61.7188],[29.3918,61.7126],[29.3944,61.7097],[29.3956,61.7086],[29.398,61.7075],[29.4069,61.7046],[29.4119,61.7019],[29.4187,61.6999],[29.4205,61.6987],[29.4215,61.6974],[29.4212,61.6958],[29.4181,61.6925],[29.4176,61.6916],[29.4176,61.6905],[29.4189,61.6877],[29.4187,61.6863],[29.4163,61.6831],[29.4129,61.6801],[29.412,61.6784],[29.4119,61.6769],[29.413,61.675],[29.4131,61.6741],[29.4114,61.6692],[29.4112,61.6678],[29.4118,61.6657],[29.4143,61.6623],[29.4243,61.6405],[29.4365,61.6222],[29.439,61.6176],[29.4405,61.6161],[29.4452,61.6125],[29.4565,61.6057],[29.4598,61.6043],[29.4626,61.6035],[29.4656,61.6029],[29.4705,61.6023],[29.4756,61.602],[29.4776,61.6017],[29.4797,61.6011],[29.4814,61.5998],[29.4844,61.5948],[29.4888,61.5902],[29.491,61.586],[29.4957,61.5812],[29.497,61.5793],[29.4976,61.5769],[29.497,61.5677],[29.4975,61.566],[29.4985,61.5643]]}},{"type":"Feature","geometry":{"type":"LineString","coordinates":[[27.8669,63.1513],[27.8826,63.1504]]}},{"type":"Feature","geometry":{"type":"LineString","coordinates":[[28.3195,63.0655],[28.315,63.0581]]}},{"type":"Feature","geometry":{"type":"LineString","coordinates":[[28.668,62.9295],[28.6872,62.9246]]}},{"type":"Feature","geometry":{"type":"LineString","coordinates":[[27.723,63.1018],[27.7287,63.1018],[27.7336,63.1023]]}},{"type":"Feature","geometry":{"type":"LineString","coordinates":[[27.6669,63.087],[27.669,63.089],[27.6719,63.0908],[27.675,63.0922],[27.6804,63.0941],[27.6834,63.0947],[27.7008,63.0972],[27.7166,63.1012],[27.7197,63.1016],[27.723,63.1018]]}},{"type":"Feature","geometry":{"type":"LineString","coordinates":[[27.6653,63.0808],[27.6651,63.0824],[27.6652,63.084],[27.6658,63.0855],[27.6669,63.087]]}},{"type":"Feature","geometry":{"type":"LineString","coordinates":[[27.7336,63.1023],[27.7362,63.1027],[27.7386,63.1033],[27.7407,63.1041],[27.7424,63.105],[27.7441,63.1068],[27.7457,63.1108],[27.747,63.112],[27.7488,63.1131],[27.7509,63.1138],[27.7532,63.1144],[27.7594,63.1151],[27.7617,63.1156],[27.764,63.1163],[27.7658,63.1173],[27.7675,63.1189],[27.7688,63.1234],[27.7716,63.1279],[27.7731,63.1296],[27.7759,63.1317],[27.7894,63.1401],[27.7917,63.1412],[27.7941,63.1419],[27.7967,63.1423],[27.8195,63.1439],[27.8234,63.1442],[27.8602,63.1511],[27.8634,63.1514],[27.8669,63.1513]]}},{"type":"Feature","geometry":{"type":"LineString","coordinates":[[27.8826,63.1504],[27.9107,63.1489],[27.9161,63.1484],[27.9781,63.1384],[27.9822,63.1375],[27.9858,63.1362],[27.9885,63.1347],[27.992,63.132],[27.9936,63.131],[27.9963,63.1299],[27.9994,63.1289],[28.002,63.1284],[28.0047,63.128],[28.0127,63.1277],[28.0156,63.1274],[28.0316,63.1246],[28.0379,63.1239],[28.0601,63.1227],[28.0656,63.1226],[28.1056,63.1249],[28.1091,63.1254],[28.1123,63.1264],[28.1142,63.1274],[28.1176,63.1299],[28.1199,63.131],[28.1229,63.1317],[28.1263,63.1321],[28.1312,63.132],[28.134,63.1318],[28.1449,63.1292],[28.1477,63.1288],[28.1505,63.1287],[28.1566,63.1289],[28.1608,63.1289],[28.1654,63.1285],[28.1698,63.1279],[28.1747,63.1267],[28.1906,63.1215],[28.2157,63.1152],[28.2182,63.1144],[28.2205,63.1131],[28.2336,63.1028],[28.2355,63.1018],[28.2433,63.099],[28.2463,63.0974],[28.2478,63.0961],[28.2544,63.0893],[28.2565,63.0878],[28.259,63.0864],[28.2784,63.0788],[28.2822,63.0775],[28.317,63.0699],[28.3188,63.069],[28.3199,63.0679],[28.3201,63.0668],[28.3195,63.0655]]}},{"type":"Feature","geometry":{"type":"LineString","coordinates":[[28.315,63.0581],[28.3133,63.0551],[28.3128,63.0527],[28.3133,63.0501],[28.3148,63.0477],[28.3335,63.0312],[28.3376,63.0286],[28.3427,63.0264],[28.3984,63.0091],[28.4229,63.0011],[28.4281,62.9997],[28.4466,62.9957],[28.4525,62.9942],[28.474,62.9882],[28.4878,62.9839],[28.4943,62.9826],[28.5502,62.9744],[28.5674,62.9708],[28.5738,62.9692],[28.5781,62.9678],[28.5938,62.962],[28.6154,62.9556],[28.6213,62.9535],[28.6262,62.9511],[28.6368,62.9448],[28.6481,62.9368],[28.6513,62.9349],[28.6545,62.9334],[28.658,62.9321],[28.668,62.9295]]}},{"type":"Feature","geometry":{"type":"LineString","coordinates":[[28.6872,62.9246],[28.695,62.9225],[28.6982,62.9212],[28.7011,62.9199],[28.7046,62.9177],[28.7137,62.9108],[28.7187,62.9081],[28.722,62.9068],[28.7318,62.9034],[28.755,62.8943],[28.7585,62.8927],[28.768,62.8876],[28.7822,62.8819],[28.7851,62.8806],[28.7892,62.8782],[28.7945,62.8739],[28.7968,62.8723],[28.8121,62.8643],[28.8145,62.8628],[28.8198,62.8588],[28.8265,62.8548],[28.8298,62.8531],[28.8484,62.845],[28.861,62.84],[28.8654,62.8384],[28.8781,62.8345],[28.8999,62.8264],[28.921,62.8173],[28.9464,62.8078],[28.9509,62.8057],[28.9757,62.7907],[28.9798,62.7878],[28.992,62.7762],[29.0082,62.7628],[29.0331,62.7372]]}},{"type":"Feature","geometry":{"type":"LineString","coordinates":[[29.0331,62.7372],[29.0362,62.7336],[29.0403,62.726],[29.0419,62.724],[29.044,62.7225],[29.0465,62.7211],[29.0493,62.72],[29.053,62.719]]}},{"type":"Feature","geometry":{"type":"LineString","coordinates":[[26.4744,62.3003],[26.4851,62.3077]]}},{"type":"Feature","geometry":{"type":"LineString","coordinates":[[25.1835,62.2567],[25.1884,62.257],[25.2015,62.2565]]}},{"type":"Feature","geometry":{"type":"LineString","coordinates":[[26.188,62.2588],[26.2068,62.2614]]}},{"type":"Feature","geometry":{"type":"LineString","coordinates":[[26.747,62.3088],[26.7662,62.3102]]}},{"type":"Feature","geometry":{"type":"LineString","coordinates":[[24.6962,62.2577],[24.7044,62.2557],[24.7118,62.2549]]}},{"type":"Feature","geometry":{"type":"LineString","coordinates":[[27.0363,62.2838],[27.0437,62.2832],[27.055,62.2828]]}},{"type":"Feature","geometry":{"type":"LineString","coordinates":[[25.8708,62.2443],[25.8747,62.2461],[25.8847,62.2493]]}},{"type":"Feature","geometry":{"type":"LineString","coordinates":[[24.4595,62.2416],[24.4613,62.2402],[24.4652,62.2382],[24.4686,62.2368],[24.4719,62.2359],[24.5278,62.228],[24.5308,62.2278],[24.5339,62.2278],[24.5366,62.2281],[24.5391,62.2287],[24.5413,62.2294],[24.5432,62.2304],[24.5447,62.2314],[24.552,62.2385],[24.5548,62.2401],[24.5596,62.2421],[24.5613,62.2431],[24.5634,62.2446],[24.5675,62.2483],[24.5691,62.2493],[24.5718,62.2504],[24.5801,62.2527],[24.5818,62.2535],[24.5848,62.2555],[24.5863,62.2561],[24.5881,62.2565],[24.6103,62.2587],[24.6144,62.2596],[24.6211,62.2617],[24.6238,62.2622],[24.6267,62.2624],[24.6294,62.2623],[24.632,62.2619],[24.6378,62.2603],[24.6406,62.2598],[24.6438,62.2596],[24.6499,62.2598],[24.6529,62.2596],[24.6552,62.2593],[24.6634,62.2577],[24.6661,62.2574],[24.6696,62.2574],[24.6891,62.2586],[24.693,62.2584],[24.6962,62.2577]]}},{"type":"Feature","geometry":{"type":"LineString","coordinates":[[24.7118,62.2549],[24.7279,62.2523],[24.7531,62.2495],[24.7569,62.2484],[24.7655,62.244],[24.7679,62.2431],[24.7705,62.2424],[24.7745,62.2416],[24.7854,62.2402],[24.7884,62.2398],[24.7918,62.2397]]}},{"type":"Feature","geometry":{"type":"LineString","coordinates":[[24.7918,62.2397],[24.802,62.2393],[24.8057,62.2394],[24.81,62.2398],[24.8203,62.2416],[24.823,62.2419],[24.8264,62.2421],[24.8346,62.242],[24.8372,62.2418],[24.8396,62.2414],[24.854,62.2374],[24.8567,62.2371],[24.8596,62.2371],[24.8627,62.2375],[24.8653,62.2383],[24.8779,62.2447],[24.8809,62.2454],[24.8842,62.2456],[24.8866,62.2454],[24.8889,62.2449],[24.9059,62.2398],[24.9094,62.239],[24.9547,62.2335],[24.9598,62.2333],[24.9649,62.2337],[24.969,62.2346],[24.9758,62.2369],[24.9778,62.2373],[24.98,62.2374],[24.9824,62.2373],[24.9847,62.2369],[24.9898,62.235],[24.9925,62.2343],[24.9955,62.2339],[24.9986,62.2338],[25.0177,62.2362],[25.0213,62.2368],[25.0262,62.2382],[25.0327,62.2411],[25.0359,62.2419],[25.0383,62.242],[25.0407,62.2419],[25.0514,62.2401],[25.0539,62.2398],[25.0587,62.2397],[25.0618,62.2399],[25.1063,62.2456],[25.1103,62.2462],[25.116,62.2477],[25.1288,62.2529],[25.1307,62.2534],[25.1328,62.2538],[25.141,62.2548],[25.1453,62.2551],[25.1497,62.2551],[25.1571,62.2546],[25.1619,62.2547],[25.17,62.2555],[25.177,62.2558],[25.1835,62.2567]]}},{"type":"Feature","geometry":{"type":"LineString","coordinates":[[25.2015,62.2565],[25.2087,62.2558],[25.2148,62.2559],[25.217,62.256],[25.225,62.2573],[25.2267,62.2578],[25.2322,62.2601],[25.2345,62.2606],[25.237,62.2608],[25.2402,62.2606],[25.2449,62.2596],[25.247,62.259],[25.2505,62.2577],[25.2526,62.2573],[25.2557,62.257],[25.2588,62.2573],[25.2609,62.2577],[25.2771,62.2623],[25.2838,62.2652],[25.2881,62.2667],[25.2942,62.268],[25.3073,62.2688],[25.318,62.2704],[25.3202,62.271],[25.3221,62.2719],[25.3232,62.2727],[25.3262,62.2755],[25.3276,62.2763],[25.3293,62.277],[25.3317,62.2776],[25.3386,62.2787],[25.3453,62.2796],[25.3476,62.2798],[25.3515,62.2796],[25.3552,62.2789],[25.3717,62.2727],[25.3736,62.2722],[25.3757,62.2718],[25.3793,62.2717],[25.4071,62.2725],[25.4104,62.2724],[25.4211,62.2717],[25.4298,62.2718],[25.4336,62.2716],[25.4375,62.2712],[25.4413,62.2706],[25.4565,62.2667],[25.4601,62.2662],[25.4725,62.2664],[25.4755,62.2666],[25.4786,62.267],[25.4872,62.2687],[25.4908,62.2691],[25.5046,62.2692],[25.507,62.2694],[25.5102,62.2701],[25.5182,62.2735],[25.5202,62.2741],[25.5264,62.2753],[25.5295,62.2756],[25.5333,62.2754],[25.5474,62.2734],[25.5497,62.2727],[25.5572,62.2693]]}},{"type":"Feature","geometry":{"type":"LineString","coordinates":[[25.5572,62.2693],[25.5609,62.2678],[25.5637,62.267],[25.5656,62.2666],[25.5685,62.2665],[25.5815,62.2669],[25.584,62.2668],[25.6038,62.2638],[25.6087,62.2627],[25.6465,62.2512],[25.65,62.2495],[25.6533,62.2466],[25.6554,62.2455],[25.6571,62.2449],[25.6616,62.2438],[25.6633,62.2432],[25.6674,62.2407],[25.6755,62.2371],[25.6906,62.2325]]}},{"type":"Feature","geometry":{"type":"LineString","coordinates":[[25.6906,62.2325],[25.6952,62.2311],[25.697,62.2303],[25.7035,62.2249],[25.7052,62.2239],[25.7068,62.2233],[25.7086,62.2229],[25.7106,62.2227],[25.7127,62.2227],[25.7158,62.2231],[25.7184,62.2239],[25.7331,62.2325],[25.7358,62.2337],[25.7391,62.2347]]}},{"type":"Feature","geometry":{"type":"LineString","coordinates":[[25.7625,62.2452],[25.7649,62.2463],[25.7674,62.2469],[25.7703,62.2472],[25.7732,62.247],[25.7757,62.2465],[25.7832,62.2442],[25.7847,62.2435],[25.7877,62.2417],[25.79,62.2409],[25.793,62.2405],[25.8009,62.24]]}},{"type":"Feature","geometry":{"type":"LineString","coordinates":[[25.8009,62.24],[25.8129,62.2394],[25.8259,62.2391],[25.8299,62.2393],[25.8386,62.2402],[25.8608,62.2411],[25.8635,62.2414],[25.866,62.242],[25.8678,62.2427],[25.8708,62.2443]]}},{"type":"Feature","geometry":{"type":"LineString","coordinates":[[25.8847,62.2493],[25.8874,62.2501],[25.8899,62.2506],[25.8927,62.2508],[25.8955,62.2508],[25.8989,62.2504],[25.9015,62.25],[25.9036,62.2494],[25.9069,62.2481],[25.9094,62.2476],[25.9275,62.2463],[25.9405,62.2444],[25.945,62.2444],[25.9555,62.2454],[25.9612,62.2454],[25.9941,62.2424],[26.0014,62.2424],[26.0134,62.2412],[26.0715,62.2381],[26.0769,62.238],[26.0832,62.2385],[26.0892,62.2397],[26.0936,62.2411],[26.101,62.2444],[26.1042,62.2453],[26.1075,62.2461],[26.1599,62.2547],[26.188,62.2588]]}},{"type":"Feature","geometry":{"type":"LineString","coordinates":[[26.2068,62.2614],[26.2859,62.2677],[26.3145,62.268],[26.3189,62.2683],[26.3218,62.2689],[26.3244,62.2697],[26.3455,62.2787],[26.3482,62.2797],[26.3513,62.2805],[26.3714,62.2849],[26.3764,62.2857],[26.3815,62.286],[26.3853,62.286],[26.3957,62.2855],[26.4008,62.2856],[26.4247,62.2881],[26.4286,62.2889],[26.4697,62.2982],[26.4723,62.299],[26.4744,62.3003]]}},{"type":"Feature","geometry":{"type":"LineString","coordinates":[[26.4851,62.3077],[26.4887,62.3098],[26.4909,62.3106],[26.4933,62.3112],[26.5138,62.3152],[26.5175,62.3157],[26.5213,62.3159],[26.5251,62.3157],[26.5288,62.3153],[26.5872,62.3056],[26.59,62.3052],[26.5927,62.3051],[26.5976,62.3052],[26.6419,62.3089],[26.6457,62.3091],[26.7266,62.3075],[26.7305,62.3076],[26.747,62.3088]]}},{"type":"Feature","geometry":{"type":"LineString","coordinates":[[26.7662,62.3102],[26.7776,62.311],[26.7898,62.3109],[26.7973,62.3114],[26.803,62.3123],[26.8261,62.317],[26.8316,62.3177],[26.897,62.3219],[26.9011,62.3219],[26.9052,62.3217],[26.9085,62.3213],[26.9117,62.3206],[26.9481,62.3116],[26.9514,62.3106],[26.9555,62.309],[26.979,62.2974],[26.9835,62.2958],[27.0291,62.2849],[27.0324,62.2842],[27.0363,62.2838]]}},{"type":"Feature","geometry":{"type":"LineString","coordinates":[[27.055,62.2828],[27.0721,62.2821],[27.0769,62.2822],[27.0815,62.2829],[27.0998,62.2876],[27.1053,62.2885],[27.1094,62.2889],[27.1373,62.2902],[27.16,62.2923],[27.1628,62.2929],[27.1651,62.2939],[27.1664,62.295],[27.1667,62.2964]]}},{"type":"Feature","geometry":{"type":"LineString","coordinates":[[29.0232,62.3785],[29.035,62.3829]]}},{"type":"Feature","geometry":{"type":"LineString","coordinates":[[27.169,62.3086],[27.1696,62.3096],[27.1706,62.3106],[27.172,62.3113],[27.1737,62.3119],[27.1756,62.3123],[27.1777,62.3125],[27.1798,62.3125],[27.1821,62.3122]]}},{"type":"Feature","geometry":{"type":"LineString","coordinates":[[27.6807,62.2116],[27.6961,62.2087]]}},{"type":"Feature","geometry":{"type":"LineString","coordinates":[[27.8586,62.3087],[27.8573,62.31],[27.8569,62.3112],[27.8574,62.3124],[27.8589,62.3135],[27.8612,62.3143],[27.8637,62.3146],[27.8667,62.3145],[27.869,62.314]]}},{"type":"Feature","geometry":{"type":"LineString","coordinates":[[27.869,62.314],[27.8838,62.3086]]}},{"type":"Feature","geometry":{"type":"LineString","coordinates":[[28.6353,62.3819],[28.6501,62.3831]]}},{"type":"Feature","geometry":{"type":"LineString","coordinates":[[27.1821,62.3122],[27.2244,62.3071],[27.2517,62.3055],[27.2628,62.3041],[27.2664,62.3038],[27.3007,62.3028],[27.3061,62.3024],[27.3529,62.2958],[27.4254,62.287],[27.4298,62.2861],[27.4473,62.2817],[27.497,62.2734],[27.5021,62.272],[27.6165,62.2351],[27.6578,62.2182],[27.6784,62.2121],[27.6807,62.2116]]}},{"type":"Feature","geometry":{"type":"LineString","coordinates":[[27.6961,62.2087],[27.6984,62.2085],[27.7008,62.2086],[27.7029,62.209],[27.7047,62.2096],[27.742,62.2314],[27.745,62.2327],[27.7784,62.2454],[27.7813,62.247],[27.7974,62.2575],[27.8,62.2588],[27.8032,62.2599],[27.8569,62.2744],[27.8609,62.2759],[27.8748,62.2826],[27.8763,62.2837],[27.8773,62.2848],[27.8779,62.286],[27.8781,62.2872],[27.8777,62.2888],[27.8746,62.295],[27.873,62.2968],[27.8586,62.3087]]}},{"type":"Feature","geometry":{"type":"LineString","coordinates":[[27.8838,62.3086],[27.8964,62.3049],[27.9052,62.3033],[27.9153,62.3009],[27.9187,62.3002],[27.9232,62.2997],[27.9278,62.2995],[27.9323,62.2997],[27.9371,62.3002]]}},{"type":"Feature","geometry":{"type":"LineString","coordinates":[[27.9371,62.3002],[27.9839,62.3059],[27.9867,62.3061],[27.9895,62.3061],[27.9938,62.3058],[27.9975,62.3049],[27.9999,62.3038],[28.0048,62.3006],[28.0068,62.2996],[28.0101,62.2984],[28.014,62.2977],[28.0185,62.2974],[28.0262,62.2977],[28.0497,62.2968],[28.0539,62.297],[28.058,62.2973],[28.0636,62.2983],[28.0671,62.299],[28.0812,62.3034],[28.0842,62.3049],[28.0876,62.3083],[28.0895,62.3095],[28.0918,62.3104],[28.1009,62.3133],[28.1035,62.3138],[28.1193,62.3159],[28.123,62.3166],[28.151,62.3239],[28.1542,62.3246],[28.1604,62.3255],[28.1883,62.3271],[28.1927,62.3276],[28.1955,62.3282],[28.198,62.329],[28.2107,62.3341],[28.2144,62.3352],[28.2175,62.3358],[28.2462,62.3405],[28.252,62.3409],[28.27,62.3411],[28.2736,62.3414],[28.2854,62.3429],[28.3095,62.344],[28.3136,62.3444],[28.3181,62.3453],[28.3378,62.3509],[28.3665,62.3562]]}},{"type":"Feature","geometry":{"type":"LineString","coordinates":[[28.3665,62.3562],[28.3743,62.3575],[28.3773,62.3578],[28.3802,62.3578],[28.3849,62.3574],[28.3878,62.3572],[28.3972,62.3573],[28.4003,62.3575],[28.4134,62.36],[28.4246,62.3618],[28.4463,62.3668],[28.4784,62.3713],[28.4913,62.3742],[28.494,62.3745],[28.4967,62.3745],[28.4991,62.3743],[28.5059,62.3734],[28.5079,62.3733],[28.51,62.3735],[28.5134,62.3742],[28.5248,62.379],[28.5277,62.3797],[28.5297,62.38],[28.5318,62.38],[28.5468,62.3788],[28.5512,62.3789],[28.5539,62.3793],[28.5563,62.3799],[28.5611,62.3821],[28.563,62.3828],[28.5652,62.3833],[28.5675,62.3836],[28.5707,62.3837],[28.5738,62.3835],[28.5764,62.383],[28.5814,62.3817],[28.5857,62.3812],[28.6106,62.382],[28.6205,62.3816],[28.6304,62.3817],[28.6353,62.3819]]}},{"type":"Feature","geometry":{"type":"LineString","coordinates":[[28.6501,62.3831],[28.6563,62.3835],[28.6592,62.3835],[28.6623,62.3831],[28.6665,62.3819],[28.6685,62.3815],[28.6713,62.3813],[28.6741,62.3814],[28.6775,62.382],[28.6895,62.3854],[28.6927,62.3859],[28.6983,62.3863],[28.7014,62.3869],[28.704,62.3877],[28.7105,62.3903],[28.7132,62.391],[28.7162,62.3915],[28.7253,62.3924],[28.7283,62.3925],[28.7531,62.3921],[28.7639,62.3907],[28.776,62.3888],[28.7821,62.3874],[28.7863,62.3861],[28.7895,62.3856],[28.7918,62.3855],[28.7941,62.3856],[28.8032,62.3871],[28.8076,62.3874],[28.8111,62.3872],[28.8206,62.3859],[28.8286,62.3857],[28.8319,62.3853],[28.8349,62.3847],[28.8376,62.3838],[28.8512,62.3768],[28.8533,62.3759],[28.8556,62.3752],[28.8686,62.372],[28.8718,62.3715],[28.8805,62.371],[28.9087,62.3677],[28.9121,62.3675],[28.9147,62.3675],[28.9171,62.3678],[28.9246,62.3695],[28.9286,62.3699],[28.9315,62.3698],[28.9466,62.3687],[28.9493,62.3688],[28.9569,62.3695],[28.9595,62.3695],[28.9656,62.3689],[28.973,62.3692],[28.9756,62.3696],[28.9779,62.3703],[28.9794,62.371],[28.9836,62.3735],[28.9902,62.3762],[28.9932,62.377],[28.9957,62.3773],[28.9982,62.3774],[29.0092,62.3765],[29.0133,62.3765],[29.0159,62.3767],[29.0185,62.3771],[29.0208,62.3777],[29.0232,62.3785]]}},{"type":"Feature","geometry":{"type":"LineString","coordinates":[[29.035,62.3829],[29.041,62.3852],[29.0442,62.3871],[29.0455,62.3883],[29.0463,62.3897],[29.0467,62.391],[29.0467,62.3924],[29.0452,62.4001],[29.0444,62.4015],[29.0432,62.4026],[29.0415,62.4035],[29.0396,62.4041],[29.0346,62.4054],[29.0329,62.4062],[29.0316,62.407],[29.0303,62.4086],[29.0288,62.4131],[29.0261,62.4165],[29.0251,62.4228],[29.0261,62.4355],[29.0269,62.4381],[29.0419,62.4621],[29.0426,62.4635],[29.0423,62.4654],[29.037,62.4748],[29.0365,62.4766],[29.0372,62.4783],[29.0434,62.4865],[29.0441,62.4879],[29.0438,62.4898],[29.0402,62.4937],[29.0395,62.4955],[29.0399,62.4967],[29.0444,62.5056],[29.0444,62.5068],[29.0431,62.5118],[29.043,62.5137],[29.0447,62.5197],[29.0459,62.5219],[29.065,62.5405],[29.082,62.5515],[29.0842,62.5524],[29.0867,62.553],[29.1203,62.559],[29.123,62.5597],[29.1254,62.5607],[29.1274,62.5618],[29.1291,62.563],[29.1307,62.5647],[29.1315,62.5664],[29.1318,62.573],[29.1322,62.5743],[29.1499,62.6066],[29.1592,62.6166],[29.1609,62.618],[29.1643,62.6202],[29.1661,62.6216],[29.1864,62.6421],[29.1878,62.6432],[29.1909,62.6447],[29.1947,62.6457],[29.2063,62.6471],[29.2096,62.6473],[29.2133,62.6472],[29.2168,62.6468],[29.2282,62.644]]}},{"type":"Feature","geometry":{"type":"LineString","coordinates":[[27.1728,62.3175],[27.1727,62.3156],[27.1732,62.3148],[27.1741,62.3141],[27.1753,62.3135],[27.1768,62.313],[27.181,62.3124]]}},{"type":"Feature","geometry":{"type":"LineString","coordinates":[[23.4278,62.6408],[23.4134,62.6437]]}},{"type":"Feature","geometry":{"type":"LineString","coordinates":[[24.4595,62.2416],[24.4526,62.2494],[24.4498,62.2515]]}},{"type":"Feature","geometry":{"type":"LineString","coordinates":[[24.3958,62.3431],[24.3954,62.3502]]}},{"type":"Feature","geometry":{"type":"LineString","coordinates":[[23.6065,62.6172],[23.5883,62.619]]}},{"type":"Feature","geometry":{"type":"LineString","coordinates":[[24.5077,62.02],[24.5079,62.0218],[24.5063,62.0283]]}},{"type":"Feature","geometry":{"type":"LineString","coordinates":[[24.2872,62.5233],[24.2839,62.5242],[24.2709,62.5266]]}},{"type":"Feature","geometry":{"type":"LineString","coordinates":[[24.3689,61.8015],[24.3705,61.8035],[24.3731,61.8059],[24.3783,61.8095]]}},{"type":"Feature","geometry":{"type":"LineString","coordinates":[[24.4579,62.2431],[24.4521,62.2497]]}},{"type":"Feature","geometry":{"type":"LineString","coordinates":[[24.1506,62.5492],[24.1438,62.5514]]}},{"type":"Feature","geometry":{"type":"LineString","coordinates":[[24.0665,62.5522],[24.0624,62.554],[24.0606,62.5551],[24.0588,62.5565],[24.0575,62.558]]}},{"type":"Feature","geometry":{"type":"LineString","coordinates":[[22.9337,62.7602],[22.9167,62.7652]]}},{"type":"Feature","geometry":{"type":"LineString","coordinates":[[22.9361,62.7595],[22.9337,62.7602]]}},{"type":"Feature","geometry":{"type":"LineString","coordinates":[[24.3736,61.6529],[24.3795,61.6558],[24.3809,61.6567],[24.3821,61.6582],[24.3822,61.6598],[24.3815,61.6609],[24.3804,61.6619],[24.3707,61.6671],[24.3689,61.6683],[24.368,61.6692],[24.3674,61.6705],[24.3676,61.6717],[24.3686,61.673],[24.3715,61.675],[24.3724,61.676],[24.3729,61.6774],[24.3725,61.6789],[24.3699,61.6828],[24.3595,61.6933],[24.3575,61.695],[24.3522,61.6986],[24.3507,61.7001],[24.3491,61.7023],[24.3488,61.7034],[24.3489,61.7045],[24.3507,61.7087],[24.3518,61.7103],[24.3546,61.7132],[24.3552,61.7143],[24.3554,61.7155],[24.3548,61.7177],[24.3539,61.7188],[24.3525,61.7198],[24.3442,61.7236],[24.3416,61.7251],[24.3396,61.7267],[24.3365,61.7298],[24.335,61.7322],[24.3314,61.7426],[24.3249,61.7519],[24.3242,61.7541],[24.3246,61.7554],[24.327,61.7577],[24.328,61.7593],[24.3282,61.7607],[24.3278,61.7657],[24.3283,61.7669],[24.3291,61.7682],[24.3317,61.7702],[24.3398,61.7752],[24.3623,61.7938],[24.364,61.7955],[24.3689,61.8015]]}},{"type":"Feature","geometry":{"type":"LineString","coordinates":[[24.3783,61.8095],[24.383,61.8125],[24.3851,61.8142],[24.3867,61.8162],[24.3897,61.8213],[24.3914,61.8229],[24.3937,61.8244],[24.4098,61.8326],[24.4165,61.8344],[24.4193,61.8353],[24.4537,61.849],[24.4653,61.8552],[24.4667,61.8562],[24.4677,61.8574],[24.4716,61.8694],[24.4776,61.8811],[24.4791,61.8866],[24.4801,61.8945],[24.4809,61.8962],[24.4829,61.8986],[24.4833,61.8998],[24.4825,61.9033],[24.4773,61.9138],[24.4767,61.9167],[24.4772,61.919],[24.4813,61.9284],[24.4814,61.9329],[24.4827,61.9365],[24.4828,61.9415],[24.4849,61.9483],[24.4852,61.959],[24.4848,61.9604],[24.4838,61.9618],[24.4794,61.9653],[24.4782,61.9666],[24.4774,61.9682],[24.4774,61.9699],[24.4821,61.979],[24.4824,61.9806],[24.4822,61.9873],[24.4825,61.9889],[24.4833,61.9903],[24.4869,61.9955],[24.4888,62.0008],[24.491,62.0037],[24.4987,62.0101]]}},{"type":"Feature","geometry":{"type":"LineString","coordinates":[[24.4987,62.0101],[24.5058,62.0162],[24.5071,62.0181],[24.5077,62.02]]}},{"type":"Feature","geometry":{"type":"LineString","coordinates":[[24.5063,62.0283],[24.5053,62.0329],[24.5046,62.0379],[24.5019,62.0451],[24.5021,62.0624],[24.5019,62.0647],[24.499,62.0729],[24.4985,62.0773],[24.4963,62.083],[24.496,62.0851],[24.4965,62.0875],[24.4994,62.0932],[24.4997,62.0948],[24.4994,62.0978],[24.4999,62.0997],[24.5051,62.1088],[24.5085,62.1181],[24.5086,62.1201],[24.5069,62.1315],[24.506,62.1329],[24.5029,62.1354],[24.5023,62.1372],[24.5028,62.1387],[24.5082,62.1453],[24.509,62.1472],[24.5092,62.1491],[24.5084,62.1519],[24.4987,62.1685],[24.4979,62.1707],[24.4976,62.1745],[24.4969,62.1793],[24.4968,62.1942],[24.4986,62.2011],[24.4986,62.2029],[24.4971,62.206],[24.4953,62.208],[24.4933,62.2095],[24.4822,62.216],[24.4805,62.2171],[24.4791,62.2186],[24.4719,62.2278],[24.4705,62.229],[24.4649,62.2325],[24.4636,62.2336],[24.4623,62.2354],[24.461,62.2394],[24.4589,62.2421]]}},{"type":"Feature","geometry":{"type":"LineString","coordinates":[[24.4498,62.2515],[24.4473,62.2529],[24.4405,62.2549],[24.4336,62.2579],[24.4295,62.2606],[24.4247,62.2646],[24.4139,62.2707],[24.4121,62.2722],[24.4107,62.2737],[24.4097,62.2754],[24.4085,62.2787],[24.4047,62.2833],[24.4041,62.2855],[24.4048,62.2886],[24.4055,62.2898],[24.4077,62.2926],[24.4099,62.298],[24.4098,62.2997],[24.4076,62.3053],[24.4074,62.3066],[24.4078,62.308],[24.41,62.3117],[24.4104,62.3132],[24.4103,62.3147],[24.4095,62.3172],[24.4077,62.3201],[24.4065,62.3216],[24.4043,62.3235],[24.3975,62.328],[24.3962,62.3295],[24.3958,62.3307],[24.3962,62.3336],[24.3958,62.3431]]}},{"type":"Feature","geometry":{"type":"LineString","coordinates":[[24.3954,62.3502],[24.3956,62.3528],[24.3985,62.3616],[24.3983,62.3639],[24.3974,62.3661],[24.3958,62.3681],[24.3793,62.3841],[24.3781,62.3862],[24.3747,62.396],[24.3735,62.3981],[24.3471,62.4296],[24.3389,62.4453],[24.3297,62.4566],[24.3291,62.4581],[24.3287,62.4613],[24.3255,62.4648],[24.3239,62.4691],[24.3203,62.4753],[24.3201,62.4773],[24.3209,62.4819],[24.3205,62.4851],[24.32,62.4868],[24.3187,62.4887],[24.3109,62.4968],[24.307,62.5055],[24.3017,62.5118],[24.2957,62.5176],[24.2931,62.5206],[24.291,62.522],[24.2872,62.5233]]}},{"type":"Feature","geometry":{"type":"LineString","coordinates":[[24.2709,62.5266],[24.2555,62.5294],[24.2365,62.5309],[24.2312,62.5316],[24.2278,62.5324],[24.2141,62.5362],[24.2109,62.5368],[24.203,62.538],[24.1881,62.5415],[24.1842,62.5427],[24.1781,62.5452],[24.174,62.5464],[24.1711,62.5469],[24.1681,62.5472],[24.1595,62.5476],[24.1569,62.5478],[24.1536,62.5483],[24.1506,62.5492]]}},{"type":"Feature","geometry":{"type":"LineString","coordinates":[[24.1438,62.5514],[24.1409,62.5522],[24.1378,62.5527],[24.1345,62.5528],[24.1312,62.5526],[24.128,62.5519],[24.1086,62.5466],[24.1036,62.5459],[24.0984,62.5457],[24.0933,62.5461],[24.0844,62.5475],[24.0725,62.5501],[24.0693,62.551],[24.0665,62.5522]]}},{"type":"Feature","geometry":{"type":"LineString","coordinates":[[24.0575,62.558],[24.0555,62.5621],[24.0529,62.5649],[24.051,62.5663],[24.0487,62.5675],[24.0461,62.5687],[24.0432,62.5697],[24.0314,62.5727],[24.0271,62.5734],[24.0227,62.5739],[24.0157,62.5741],[24.005,62.5735],[23.9906,62.5732],[23.9878,62.5734],[23.9851,62.5739],[23.9619,62.5799],[23.9577,62.5813],[23.9488,62.5846],[23.9463,62.5858],[23.9373,62.5908],[23.9352,62.5923],[23.9302,62.5967],[23.9275,62.5982],[23.9243,62.5996],[23.9196,62.601],[23.9017,62.6052],[23.8983,62.6059],[23.8941,62.6063],[23.8899,62.6063],[23.8825,62.6057],[23.8719,62.6052],[23.8675,62.6048],[23.8622,62.6039],[23.8527,62.6013],[23.842,62.6002],[23.8393,62.5997],[23.818,62.5942],[23.8125,62.593],[23.8085,62.5924],[23.8044,62.5921],[23.7876,62.5913],[23.7833,62.5915],[23.7791,62.5919],[23.7651,62.5944],[23.7599,62.5958],[23.7452,62.6015],[23.7413,62.6027],[23.7356,62.6038],[23.7238,62.6052]]}},{"type":"Feature","geometry":{"type":"LineString","coordinates":[[23.7238,62.6052],[23.6795,62.6102],[23.6464,62.6163],[23.6412,62.617],[23.6367,62.6174],[23.6322,62.6174],[23.6188,62.6166],[23.6154,62.6166],[23.6114,62.6167],[23.6065,62.6172]]}},{"type":"Feature","geometry":{"type":"LineString","coordinates":[[23.5883,62.619],[23.5811,62.6196],[23.5562,62.621],[23.5518,62.6215],[23.5467,62.6224],[23.5284,62.6271],[23.5224,62.6281],[23.4883,62.63],[23.4838,62.6305],[23.4555,62.6353],[23.4278,62.6408]]}},{"type":"Feature","geometry":{"type":"LineString","coordinates":[[23.4134,62.6437],[23.4042,62.6455],[23.4006,62.6459],[23.397,62.6461],[23.3781,62.646],[23.343,62.6469],[23.3032,62.647],[23.2989,62.6472],[23.2954,62.6476],[23.292,62.6481],[23.2578,62.6554],[23.2517,62.657],[23.2325,62.6632],[23.2284,62.6647],[23.1648,62.6926],[23.1058,62.7145],[23.1023,62.7155],[23.0985,62.7162],[23.0772,62.7186],[23.0713,62.7196],[23.0657,62.7209],[22.9361,62.7595]]}},{"type":"Feature","geometry":{"type":"LineString","coordinates":[[22.9167,62.7652],[22.8933,62.7722]]}},{"type":"Feature","geometry":{"type":"LineString","coordinates":[[25.3416,63.7524],[25.3282,63.7563],[25.3242,63.7583]]}},{"type":"Feature","geometry":{"type":"LineString","coordinates":[[26.6158,63.6393],[26.6018,63.6443]]}},{"type":"Feature","geometry":{"type":"LineString","coordinates":[[26.1613,63.6627],[26.1481,63.6642]]}},{"type":"Feature","geometry":{"type":"LineString","coordinates":[[25.9931,63.6817],[25.975,63.6838]]}},{"type":"Feature","geometry":{"type":"LineString","coordinates":[[24.9664,63.9342],[24.9509,63.9402]]}},{"type":"Feature","geometry":{"type":"LineString","coordinates":[[27.1979,63.5693],[27.1965,63.5731],[27.1955,63.5744],[27.1942,63.5756],[27.1923,63.5768],[27.1774,63.5849]]}},{"type":"Feature","geometry":{"type":"LineString","coordinates":[[27.1774,63.5849],[27.1738,63.5869],[27.172,63.5876],[27.1693,63.5883],[27.1662,63.5886],[27.0809,63.5926],[27.077,63.5925],[27.0669,63.5916],[27.062,63.5914],[27.056,63.5914],[27.05,63.5919],[27.0221,63.5948],[27.0168,63.5955],[26.9888,63.6004],[26.9602,63.6074],[26.9565,63.608],[26.9527,63.6083],[26.9478,63.6082],[26.9149,63.6057],[26.9106,63.6049],[26.9028,63.6029],[26.8991,63.6025],[26.7794,63.5985],[26.7763,63.5983],[26.768,63.5972],[26.7649,63.5969],[26.7613,63.597],[26.7445,63.5978],[26.7405,63.5983],[26.6886,63.6064],[26.6859,63.6069],[26.6833,63.6076],[26.6796,63.6092],[26.64,63.6303],[26.6365,63.6318],[26.6158,63.6393]]}},{"type":"Feature","geometry":{"type":"LineString","coordinates":[[26.6018,63.6443],[26.5976,63.6455],[26.593,63.6464],[26.5407,63.6534],[26.537,63.6537],[26.5332,63.6537],[26.5124,63.6528],[26.5073,63.6529],[26.4669,63.6587],[26.3583,63.6683],[26.3524,63.6683],[26.1721,63.6621],[26.1669,63.6622],[26.1613,63.6627]]}},{"type":"Feature","geometry":{"type":"LineString","coordinates":[[26.1481,63.6642],[26.0299,63.6776]]}},{"type":"Feature","geometry":{"type":"LineString","coordinates":[[26.0299,63.6776],[25.9931,63.6817]]}},{"type":"Feature","geometry":{"type":"LineString","coordinates":[[25.975,63.6838],[25.9684,63.6847],[25.8629,63.7011],[25.7647,63.7226],[25.7608,63.7233],[25.7567,63.7239],[25.3459,63.7516],[25.3437,63.7518],[25.3416,63.7524]]}},{"type":"Feature","geometry":{"type":"LineString","coordinates":[[25.3242,63.7583],[25.3226,63.7593],[25.3215,63.7603],[25.3191,63.7637],[25.3016,63.7824],[25.2797,63.8007],[25.2773,63.8024],[25.2744,63.804],[24.982,63.9281],[24.9664,63.9342]]}},{"type":"Feature","geometry":{"type":"LineString","coordinates":[[24.9509,63.9402],[24.763,64.0126],[24.6754,64.0561],[24.6574,64.0627],[24.6532,64.0637],[24.6186,64.0701],[24.6085,64.0731],[24.6057,64.0738],[24.5861,64.0764],[24.5584,64.0821],[24.5559,64.0825],[24.5527,64.0826],[24.5496,64.0824],[24.5466,64.0819],[24.5441,64.081],[24.5423,64.0799],[24.5412,64.0787],[24.5408,64.0775],[24.5407,64.0755]]}},{"type":"Feature","geometry":{"type":"LineString","coordinates":[[24.8905,60.2194],[24.8854,60.2209],[24.8837,60.2217],[24.8819,60.2229],[24.8809,60.2244],[24.8808,60.2258],[24.8814,60.2277],[24.8844,60.2314],[24.885,60.2326],[24.8851,60.2343],[24.8843,60.2358],[24.8829,60.2371],[24.8811,60.2382],[24.8737,60.2407]]}},{"type":"Feature","geometry":{"type":"LineString","coordinates":[[24.8737,60.2407],[24.8696,60.2422],[24.8666,60.244],[24.8575,60.2534],[24.8561,60.2553],[24.8553,60.2573],[24.8546,60.2634]]}},{"type":"Feature","geometry":{"type":"LineString","coordinates":[[24.8546,60.2634],[24.854,60.2698],[24.8523,60.2731],[24.852,60.2742],[24.8531,60.2797],[24.8526,60.2809],[24.8515,60.2822]]}},{"type":"Feature","geometry":{"type":"LineString","coordinates":[[24.8515,60.2822],[24.8509,60.2828]]}},{"type":"Feature","geometry":{"type":"LineString","coordinates":[[24.8896,60.2195],[24.8851,60.221],[24.8834,60.2218],[24.8817,60.2231],[24.8808,60.2245],[24.8807,60.2258],[24.8814,60.2277],[24.8843,60.2313],[24.8849,60.2326],[24.885,60.2341],[24.8843,60.2357],[24.8831,60.2369],[24.8813,60.238],[24.8746,60.2403]]}},{"type":"Feature","geometry":{"type":"LineString","coordinates":[[24.8746,60.2403],[24.8727,60.2409]]}},{"type":"Feature","geometry":{"type":"LineString","coordinates":[[24.8727,60.2409],[24.8692,60.2423],[24.8664,60.2441],[24.8574,60.2535],[24.8561,60.2554],[24.8552,60.2573],[24.8546,60.2629]]}},{"type":"Feature","geometry":{"type":"LineString","coordinates":[[24.8546,60.2629],[24.8545,60.264]]}},{"type":"Feature","geometry":{"type":"LineString","coordinates":[[24.8545,60.264],[24.854,60.2692],[24.8519,60.2741],[24.8528,60.2799],[24.8524,60.281],[24.8514,60.2821]]}},{"type":"Feature","geometry":{"type":"LineString","coordinates":[[24.8514,60.2821],[24.8509,60.2828]]}},{"type":"Feature","geometry":{"type":"LineString","coordinates":[[24.8509,60.2828],[24.8463,60.2886],[24.8427,60.2987],[24.8421,60.3031],[24.8416,60.3094],[24.8418,60.3106],[24.8424,60.3117],[24.8434,60.3126],[24.8447,60.3134],[24.8541,60.3176],[24.8568,60.3185],[24.8598,60.3191],[24.8634,60.3192],[24.8669,60.3188],[24.8785,60.3156]]}},{"type":"Feature","geometry":{"type":"LineString","coordinates":[[24.8785,60.3156],[24.8786,60.3155]]}},{"type":"Feature","geometry":{"type":"LineString","coordinates":[[24.8786,60.3155],[24.8842,60.3138],[24.8911,60.3109],[24.8944,60.3099],[24.8969,60.3094],[24.8994,60.3092],[24.9098,60.3093],[24.9128,60.3091],[24.9158,60.3086],[24.9201,60.3076],[24.9354,60.3024],[24.9384,60.3018],[24.9415,60.3014],[24.9449,60.3014],[24.9483,60.3017],[24.9515,60.3023],[24.9544,60.3033],[24.9569,60.3045],[24.9589,60.3058],[24.9634,60.3102]]}},{"type":"Feature","geometry":{"type":"LineString","coordinates":[[24.9634,60.3102],[24.9638,60.3107]]}},{"type":"Feature","geometry":{"type":"LineString","coordinates":[[24.9638,60.3107],[24.9729,60.32],[24.9746,60.3215],[24.9767,60.3227],[24.9791,60.3237],[24.9818,60.3244],[24.9847,60.3249],[24.9885,60.3252],[24.9923,60.3251],[25.0044,60.3232],[25.0111,60.3227],[25.0171,60.3228],[25.0282,60.3238],[25.0317,60.3238],[25.0353,60.3234],[25.046,60.3212]]}},{"type":"Feature","geometry":{"type":"LineString","coordinates":[[25.046,60.3212],[25.0485,60.3207]]}},{"type":"Feature","geometry":{"type":"LineString","coordinates":[[25.0485,60.3207],[25.0513,60.32],[25.0533,60.3192],[25.0548,60.318],[25.0555,60.3168],[25.0553,60.3152],[25.0516,60.3083]]}},{"type":"Feature","geometry":{"type":"LineString","coordinates":[[24.8509,60.2828],[24.8484,60.2854],[24.8466,60.2879],[24.8433,60.2963],[24.8423,60.2999],[24.8416,60.3063],[24.8415,60.3099],[24.8423,60.3117],[24.8444,60.3134],[24.8493,60.3157],[24.8553,60.3182],[24.8573,60.3187],[24.8594,60.3191],[24.8631,60.3192],[24.8667,60.3189],[24.8689,60.3184],[24.8773,60.316]]}},{"type":"Feature","geometry":{"type":"LineString","coordinates":[[24.8773,60.316],[24.8798,60.3152]]}},{"type":"Feature","geometry":{"type":"LineString","coordinates":[[24.8798,60.3152],[24.8844,60.3138],[24.891,60.311],[24.8943,60.31],[24.8968,60.3095],[24.8994,60.3093],[24.9019,60.3093],[24.9095,60.3096],[24.9128,60.3094],[24.9159,60.3089],[24.9205,60.3078],[24.9353,60.3026],[24.9381,60.302],[24.941,60.3016],[24.9441,60.3015],[24.9473,60.3017],[24.9502,60.3022],[24.953,60.303],[24.9556,60.3041],[24.9579,60.3053],[24.9595,60.3066],[24.9616,60.3088]]}},{"type":"Feature","geometry":{"type":"LineString","coordinates":[[24.9616,60.3088],[24.965,60.3123]]}},{"type":"Feature","geometry":{"type":"LineString","coordinates":[[24.965,60.3123],[24.9727,60.3203],[24.9748,60.3219],[24.977,60.3231],[24.9796,60.3241],[24.9825,60.3248],[24.9856,60.3253],[24.9893,60.3255],[24.9931,60.3253],[25.0056,60.3233],[25.0116,60.3228],[25.0173,60.3229],[25.0283,60.3239],[25.032,60.3239],[25.0367,60.3233],[25.0472,60.321]]}},{"type":"Feature","geometry":{"type":"LineString","coordinates":[[25.0472,60.321],[25.0473,60.321]]}},{"type":"Feature","geometry":{"type":"LineString","coordinates":[[25.0473,60.321],[25.0509,60.3202],[25.0529,60.3194],[25.0546,60.3183],[25.0555,60.3169],[25.0555,60.3152],[25.0516,60.308]]}},{"type":"Feature","geometry":{"type":"LineString","coordinates":[[25.1629,60.2321],[25.1644,60.2299],[25.1669,60.228],[25.1693,60.227],[25.177,60.2245]]}},{"type":"Feature","geometry":{"type":"LineString","coordinates":[[25.177,60.2245],[25.1886,60.2207]]}},{"type":"Feature","geometry":{"type":"LineString","coordinates":[[25.1033,60.3957],[25.0953,60.3734],[25.0951,60.371],[25.0957,60.3694],[25.0969,60.3679],[25.1017,60.3642],[25.1042,60.3617],[25.11,60.3527],[25.1105,60.3511],[25.1121,60.339],[25.1131,60.3367],[25.1161,60.3319],[25.1167,60.3301],[25.1168,60.3283],[25.1164,60.3259],[25.1149,60.3223],[25.108,60.3143],[25.1065,60.3119],[25.1,60.2974],[25.0997,60.2958],[25.1,60.2942],[25.1008,60.2927],[25.1054,60.2869],[25.112,60.2774],[25.1148,60.2742],[25.1169,60.2725],[25.1194,60.271],[25.1219,60.2699],[25.1261,60.2683],[25.1282,60.2672],[25.1301,60.2658],[25.1316,60.2644],[25.1327,60.2626],[25.133,60.2607],[25.1328,60.2591],[25.1317,60.2564],[25.1316,60.2551],[25.1321,60.2537],[25.1331,60.2523],[25.1354,60.2507],[25.1408,60.2482],[25.1447,60.2454],[25.1476,60.2436],[25.1509,60.242],[25.1557,60.2399],[25.1577,60.2388],[25.16,60.2366],[25.162,60.2339],[25.1629,60.2321]]}},{"type":"Feature","geometry":{"type":"LineString","coordinates":[[25.1112,60.4225],[25.1118,60.4214],[25.1139,60.4193],[25.1146,60.4182],[25.1148,60.4172],[25.1146,60.4103],[25.1151,60.4093],[25.117,60.4075]]}},{"type":"Feature","geometry":{"type":"LineString","coordinates":[[25.4853,60.3048],[25.4872,60.3042],[25.4889,60.3039]]}},{"type":"Feature","geometry":{"type":"LineString","coordinates":[[25.4725,60.3091],[25.4853,60.3048]]}},{"type":"Feature","geometry":{"type":"LineString","coordinates":[[25.4667,60.3115],[25.47,60.31],[25.4725,60.3091]]}},{"type":"Feature","geometry":{"type":"LineString","coordinates":[[25.117,60.4075],[25.1192,60.4056],[25.1217,60.4043],[25.1255,60.4032],[25.1288,60.4028],[25.132,60.4027],[25.1346,60.4029],[25.1425,60.4049],[25.1503,60.4063],[25.1528,60.4065],[25.156,60.4064],[25.1707,60.4047],[25.174,60.4041],[25.1775,60.4034],[25.1855,60.4011],[25.2036,60.3984],[25.2087,60.3973],[25.213,60.3957],[25.2327,60.3865],[25.237,60.3852],[25.2433,60.3836],[25.2456,60.3833],[25.2554,60.3831],[25.2692,60.3822],[25.2792,60.381],[25.2816,60.381],[25.2879,60.3813],[25.2966,60.3822],[25.313,60.3853],[25.3454,60.3906],[25.3495,60.3911],[25.3536,60.3912],[25.3579,60.3909],[25.3598,60.3905],[25.3615,60.39],[25.3744,60.3827]]}},{"type":"Feature","geometry":{"type":"LineString","coordinates":[[25.3744,60.3827],[25.3786,60.3802],[25.3809,60.378],[25.3818,60.3766],[25.3857,60.367],[25.3871,60.3651],[25.389,60.3633],[25.4246,60.34],[25.4282,60.3371],[25.4442,60.323],[25.4465,60.3212],[25.4504,60.319],[25.4667,60.3115]]}},{"type":"Feature","geometry":{"type":"LineString","coordinates":[[25.6425,60.3985],[25.6466,60.3969],[25.6491,60.3965],[25.6516,60.3963]]}},{"type":"Feature","geometry":{"type":"LineString","coordinates":[[25.6516,60.3963],[25.6526,60.3964]]}},{"type":"Feature","geometry":{"type":"LineString","coordinates":[[25.4768,60.3994],[25.4801,60.4008]]}},{"type":"Feature","geometry":{"type":"LineString","coordinates":[[25.3744,60.3827],[25.3754,60.3822]]}},{"type":"Feature","geometry":{"type":"LineString","coordinates":[[25.3754,60.3822],[25.3772,60.3815],[25.3792,60.381],[25.3834,60.3805],[25.3873,60.3806],[25.3943,60.3814],[25.3991,60.3825],[25.4074,60.3852],[25.4117,60.3869],[25.4196,60.3905],[25.4223,60.3914],[25.4243,60.3917],[25.4355,60.3929],[25.4378,60.3928],[25.441,60.3923],[25.4428,60.3921],[25.4453,60.3922],[25.4481,60.3925],[25.4516,60.3932],[25.4616,60.3961],[25.4745,60.3988],[25.4768,60.3994]]}},{"type":"Feature","geometry":{"type":"LineString","coordinates":[[25.4801,60.4008],[25.4901,60.4056],[25.4936,60.4065],[25.4974,60.407],[25.5175,60.4079],[25.521,60.4078],[25.5319,60.4069],[25.534,60.4069],[25.5369,60.4072],[25.5424,60.4084],[25.5465,60.4087],[25.5675,60.4073],[25.5724,60.4072],[25.596,60.4086],[25.5998,60.4084],[25.6167,60.4063],[25.6196,60.4058],[25.6234,60.4048],[25.6337,60.4011],[25.6376,60.4001]]}},{"type":"Feature","geometry":{"type":"LineString","coordinates":[[24.8534,60.6283],[24.8466,60.6251],[24.8444,60.6245],[24.8405,60.6239]]}},{"type":"Feature","geometry":{"type":"LineString","coordinates":[[23.9681,60.1777],[23.9653,60.1767],[23.9635,60.1759],[23.9541,60.1702]]}},{"type":"Feature","geometry":{"type":"LineString","coordinates":[[24.3204,60.3325],[24.3161,60.328]]}},{"type":"Feature","geometry":{"type":"LineString","coordinates":[[24.8531,60.6341],[24.8553,60.6326],[24.8559,60.6312],[24.8553,60.6296],[24.8534,60.6283]]}},{"type":"Feature","geometry":{"type":"LineString","coordinates":[[24.12,60.2665],[24.1172,60.2656],[24.1129,60.264],[24.1113,60.2631],[24.1089,60.2614]]}},{"type":"Feature","geometry":{"type":"LineString","coordinates":[[23.8769,60.1431],[23.8629,60.1386]]}},{"type":"Feature","geometry":{"type":"LineString","coordinates":[[24.8405,60.6239],[24.8366,60.6233],[24.8343,60.6227],[24.832,60.6218],[24.8299,60.6204],[24.8278,60.6184],[24.8246,60.6132],[24.8233,60.6118],[24.8216,60.6104],[24.8164,60.6073],[24.8096,60.6012],[24.8083,60.5995],[24.8076,60.5977],[24.8052,60.5876],[24.8043,60.581],[24.8021,60.5742],[24.8015,60.5709],[24.801,60.5699],[24.7996,60.5685],[24.7971,60.5673],[24.7828,60.5623],[24.78,60.5611],[24.7724,60.5568],[24.7699,60.5549],[24.7635,60.548],[24.761,60.5447],[24.7607,60.5431],[24.7615,60.5346]]}},{"type":"Feature","geometry":{"type":"LineString","coordinates":[[24.7615,60.5346],[24.7615,60.5345]]}},{"type":"Feature","geometry":{"type":"LineString","coordinates":[[24.7615,60.5345],[24.7617,60.5315],[24.7612,60.5299],[24.7596,60.5281],[24.7571,60.5267],[24.716,60.5127],[24.7139,60.5117],[24.6989,60.5025],[24.6948,60.5006],[24.6912,60.4995],[24.6789,60.4965],[24.6591,60.4901],[24.6556,60.4893],[24.6517,60.4891],[24.6244,60.4906],[24.6211,60.4905],[24.6179,60.4902],[24.6147,60.4897],[24.5994,60.4859],[24.5932,60.4846],[24.5806,60.48],[24.5784,60.4794],[24.5751,60.4789],[24.5651,60.4783],[24.5625,60.4778],[24.5603,60.477],[24.5577,60.4754],[24.5558,60.4733],[24.5551,60.4717],[24.5548,60.4685],[24.5541,60.4669],[24.5424,60.4518],[24.5374,60.4405],[24.5367,60.4395],[24.5357,60.4385],[24.5329,60.437],[24.5296,60.4359],[24.5051,60.432],[24.5017,60.4312],[24.499,60.4303],[24.4968,60.4292],[24.495,60.428],[24.4934,60.4264],[24.4923,60.4249],[24.492,60.4234],[24.4928,60.4195],[24.4918,60.4144],[24.493,60.4094],[24.493,60.403],[24.4923,60.4013],[24.4905,60.3999],[24.4889,60.3991],[24.487,60.3985],[24.482,60.3974],[24.4795,60.3971],[24.4773,60.3971],[24.4751,60.3973],[24.4694,60.3986],[24.4666,60.3989],[24.4644,60.3989],[24.4623,60.3986],[24.4604,60.3983],[24.4587,60.3977],[24.457,60.3968],[24.4557,60.3957],[24.4553,60.3948],[24.4547,60.3924],[24.4538,60.3912],[24.4526,60.3904],[24.449,60.3883],[24.4469,60.3865],[24.4459,60.3848],[24.4447,60.3813],[24.4433,60.3795],[24.441,60.3777],[24.4358,60.3749],[24.4313,60.3732],[24.4208,60.3705],[24.4097,60.3683],[24.3953,60.3667],[24.3916,60.3659],[24.3882,60.3648],[24.3287,60.3376],[24.3229,60.3347],[24.3204,60.3325]]}},{"type":"Feature","geometry":{"type":"LineString","coordinates":[[24.3161,60.328],[24.3144,60.3264],[24.3122,60.3252],[24.3068,60.3232],[24.3043,60.3224],[24.3016,60.322],[24.2989,60.3218],[24.2963,60.3219],[24.2909,60.3226],[24.2884,60.3228],[24.2851,60.3227],[24.2819,60.3223],[24.2787,60.3215],[24.2558,60.3143],[24.2456,60.3118],[24.2346,60.3076],[24.2325,60.3067],[24.2306,60.3053],[24.2271,60.3012],[24.2253,60.3],[24.2231,60.299],[24.1856,60.2888],[24.1818,60.2876],[24.1605,60.2798],[24.1584,60.2787],[24.1532,60.2755],[24.1513,60.2745],[24.1366,60.2695],[24.1331,60.2687],[24.1234,60.2673],[24.12,60.2665]]}},{"type":"Feature","geometry":{"type":"LineString","coordinates":[[24.1089,60.2614],[24.0975,60.2528],[24.0504,60.2227],[24.0458,60.2207],[24.0252,60.2139],[24.0226,60.2128],[24.0202,60.2115],[24.0175,60.2094],[24.0047,60.1969],[24.0013,60.1947],[23.9947,60.1918],[23.9927,60.1907],[23.9912,60.1895],[23.9871,60.1852],[23.9851,60.1837],[23.9817,60.1821],[23.9681,60.1777]]}},{"type":"Feature","geometry":{"type":"LineString","coordinates":[[23.9541,60.1702],[23.9474,60.1666],[23.9444,60.1653],[23.9286,60.1607],[23.9257,60.1599],[23.9227,60.1594],[23.9125,60.1583],[23.9085,60.1573],[23.9054,60.1559],[23.8975,60.1505],[23.8944,60.1488],[23.8912,60.1475],[23.8769,60.1431]]}},{"type":"Feature","geometry":{"type":"LineString","coordinates":[[23.8629,60.1386],[23.8504,60.1333],[23.845,60.1316],[23.8402,60.1306],[23.8317,60.1297],[23.8174,60.1274],[23.8149,60.1269],[23.8127,60.1261],[23.8109,60.1253],[23.8094,60.1243],[23.8052,60.1205],[23.7969,60.1137],[23.7936,60.1117],[23.7764,60.1055],[23.7634,60.1019],[23.7589,60.1002],[23.7564,60.0989],[23.7543,60.0974],[23.7482,60.0913],[23.7466,60.09],[23.7445,60.0888],[23.7371,60.0852],[23.7175,60.079],[23.7146,60.0784],[23.7105,60.0778]]}},{"type":"Feature","geometry":{"type":"LineString","coordinates":[[23.4908,59.9909],[23.4868,59.9897],[23.4844,59.9892],[23.4822,59.9889],[23.4757,59.9886],[23.4729,59.9882],[23.4699,59.9874],[23.4672,59.986]]}},{"type":"Feature","geometry":{"type":"LineString","coordinates":[[22.972,59.8273],[22.9659,59.8265]]}},{"type":"Feature","geometry":{"type":"LineString","coordinates":[[23.2509,59.9065],[23.2307,59.9031]]}},{"type":"Feature","geometry":{"type":"LineString","coordinates":[[22.9876,59.8299],[22.9826,59.8286],[22.972,59.8273]]}},{"type":"Feature","geometry":{"type":"LineString","coordinates":[[22.9258,59.8238],[22.9211,59.8226],[22.9135,59.8194]]}},{"type":"Feature","geometry":{"type":"LineString","coordinates":[[22.9738,59.8276],[22.9667,59.8267]]}},{"type":"Feature","geometry":{"type":"LineString","coordinates":[[22.9501,59.8268],[22.948,59.8268],[22.9408,59.8256],[22.9369,59.8251],[22.9352,59.825],[22.9326,59.8252],[22.9312,59.8251],[22.9258,59.8238]]}},{"type":"Feature","geometry":{"type":"LineString","coordinates":[[22.9659,59.8265],[22.9637,59.8264],[22.9501,59.8268]]}},{"type":"Feature","geometry":{"type":"LineString","coordinates":[[23.655,60.0659],[23.6422,60.0602],[23.6402,60.0589],[23.6375,60.0565],[23.636,60.0554],[23.6288,60.0522],[23.6234,60.0488],[23.6218,60.048],[23.6201,60.0474],[23.6181,60.0469],[23.6121,60.0463],[23.6093,60.0457],[23.5916,60.0393],[23.5899,60.0383],[23.5887,60.0372],[23.5869,60.0336],[23.5853,60.0321],[23.5676,60.0232],[23.5657,60.0225],[23.5555,60.0196],[23.5278,60.0092],[23.5235,60.0081],[23.5147,60.0065],[23.5114,60.0054],[23.5096,60.0044],[23.5053,60.0012],[23.5013,59.9966],[23.499,59.9947],[23.4954,59.9926],[23.4908,59.9909]]}},{"type":"Feature","geometry":{"type":"LineString","coordinates":[[23.4672,59.986],[23.4614,59.983],[23.4588,59.9821],[23.4561,59.9813],[23.4503,59.9802],[23.4413,59.9794],[23.439,59.9794],[23.4367,59.9797],[23.4303,59.9814],[23.4222,59.9839],[23.4187,59.9844],[23.4162,59.9844],[23.4138,59.9841],[23.4047,59.9817],[23.403,59.981],[23.4018,59.98],[23.3975,59.9754],[23.3937,59.9716],[23.3929,59.9701],[23.3916,59.9651],[23.3905,59.9636],[23.3889,59.9625],[23.3758,59.9552],[23.3696,59.9525],[23.3489,59.9455],[23.3458,59.9442],[23.3426,59.9424],[23.3315,59.9343],[23.3294,59.9331],[23.3269,59.932],[23.2653,59.9093],[23.2604,59.908],[23.2509,59.9065]]}},{"type":"Feature","geometry":{"type":"LineString","coordinates":[[23.2307,59.9031],[23.2182,59.901],[23.2132,59.8998],[23.168,59.8859],[23.0842,59.8664]]}},{"type":"Feature","geometry":{"type":"LineString","coordinates":[[23.0842,59.8664],[23.0719,59.8635],[23.0353,59.8514],[22.9909,59.8311],[22.9876,59.8299]]}},{"type":"Feature","geometry":{"type":"LineString","coordinates":[[25.4672,64.9893],[25.4699,64.9893],[25.472,64.9899],[25.4729,64.9909],[25.4723,64.992]]}},{"type":"Feature","geometry":{"type":"LineString","coordinates":[[28.0775,60.9146],[28.0874,60.9132],[28.091,60.9128],[28.1197,60.9115]]}},{"type":"Feature","geometry":{"type":"LineString","coordinates":[[28.0775,60.9146],[28.0872,60.9132],[28.091,60.9128],[28.1197,60.9115]]}},{"type":"Feature","geometry":{"type":"LineString","coordinates":[[27.9321,60.9331],[27.9382,60.9331],[27.9426,60.9327],[27.9456,60.9321],[27.9537,60.9302],[27.9731,60.9272]]}},{"type":"Feature","geometry":{"type":"LineString","coordinates":[[27.9321,60.9331],[27.9387,60.9329],[27.9425,60.9325],[27.9464,60.9319],[27.9538,60.9301],[27.9731,60.9272]]}},{"type":"Feature","geometry":{"type":"LineString","coordinates":[[28.2679,60.8736],[28.2781,60.8703],[28.2861,60.868]]}},{"type":"Feature","geometry":{"type":"LineString","coordinates":[[28.2861,60.868],[28.2942,60.8657],[28.2974,60.865]]}},{"type":"Feature","geometry":{"type":"LineString","coordinates":[[28.2974,60.865],[28.3079,60.8628],[28.3198,60.8599]]}},{"type":"Feature","geometry":{"type":"LineString","coordinates":[[28.3198,60.8599],[28.3274,60.8579]]}},{"type":"Feature","geometry":{"type":"LineString","coordinates":[[27.7822,60.9472],[27.7872,60.9479],[27.7915,60.9482],[27.7962,60.9481],[27.8008,60.9477],[27.8265,60.9441],[27.8309,60.9431],[27.8416,60.9403],[27.8531,60.9382],[27.8585,60.9377],[27.8752,60.9374],[27.8825,60.9367],[27.8894,60.9356],[27.9014,60.9326],[27.9049,60.932],[27.9078,60.9319],[27.9143,60.9319],[27.9278,60.933],[27.9321,60.9331]]}},{"type":"Feature","geometry":{"type":"LineString","coordinates":[[27.9731,60.9272],[27.9826,60.9259],[27.9946,60.9254],[27.9989,60.9256],[28.0049,60.9268],[28.0079,60.9271],[28.0111,60.927],[28.0164,60.9264],[28.0224,60.9255],[28.0281,60.9241],[28.0342,60.923],[28.0423,60.921],[28.0604,60.918],[28.0718,60.9155],[28.0775,60.9146]]}},{"type":"Feature","geometry":{"type":"LineString","coordinates":[[28.1197,60.9115],[28.1241,60.9112],[28.1268,60.9109],[28.1354,60.9086],[28.1394,60.9078],[28.1434,60.9074],[28.1487,60.9072],[28.1512,60.9073],[28.1534,60.9075],[28.168,60.9105],[28.1713,60.9106],[28.1745,60.9101],[28.1848,60.907],[28.1887,60.9054],[28.2069,60.8963],[28.2215,60.8874],[28.2247,60.8859],[28.23,60.8841],[28.2401,60.8814],[28.2514,60.8776],[28.2574,60.876],[28.265,60.8744],[28.2679,60.8736]]}},{"type":"Feature","geometry":{"type":"LineString","coordinates":[[28.3274,60.8579],[28.3378,60.8553]]}},{"type":"Feature","geometry":{"type":"LineString","coordinates":[[26.8306,60.7017],[26.8438,60.6941]]}},{"type":"Feature","geometry":{"type":"LineString","coordinates":[[26.9203,60.4673],[26.9209,60.4666],[26.9219,60.4659],[26.9248,60.4646],[26.9275,60.4643],[26.9302,60.4647]]}},{"type":"Feature","geometry":{"type":"LineString","coordinates":[[26.7479,60.8683],[26.7564,60.8688],[26.7589,60.8687],[26.7607,60.8683],[26.7622,60.8678],[26.7634,60.8671],[26.7643,60.8663],[26.7648,60.8654],[26.7648,60.8644],[26.7617,60.8505]]}},{"type":"Feature","geometry":{"type":"LineString","coordinates":[[26.9241,60.6111],[26.9462,60.6001]]}},{"type":"Feature","geometry":{"type":"LineString","coordinates":[[26.9124,60.494],[26.9147,60.4919],[26.9184,60.4854],[26.9193,60.4827],[26.9194,60.477]]}},{"type":"Feature","geometry":{"type":"LineString","coordinates":[[26.9137,60.5445],[26.911,60.542],[26.9034,60.5363]]}},{"type":"Feature","geometry":{"type":"LineString","coordinates":[[26.9261,60.6102],[26.9444,60.6011]]}},{"type":"Feature","geometry":{"type":"LineString","coordinates":[[26.8262,60.7085],[26.8268,60.7052],[26.8274,60.7042],[26.8284,60.7032],[26.8448,60.6936]]}},{"type":"Feature","geometry":{"type":"LineString","coordinates":[[26.9194,60.477],[26.9185,60.4722],[26.9203,60.4673]]}},{"type":"Feature","geometry":{"type":"LineString","coordinates":[[26.8263,60.7073],[26.8266,60.7055],[26.8273,60.7042],[26.8286,60.703],[26.8306,60.7017]]}},{"type":"Feature","geometry":{"type":"LineString","coordinates":[[26.7623,60.8527],[26.7615,60.8493]]}},{"type":"Feature","geometry":{"type":"LineString","coordinates":[[26.7615,60.8493],[26.7555,60.823],[26.7569,60.808],[26.7573,60.806],[26.7585,60.8039],[26.7603,60.8019],[26.7622,60.8005],[26.768,60.7969],[26.7732,60.7923],[26.7743,60.7907],[26.7829,60.7747],[26.7841,60.7733],[26.7926,60.7655]]}},{"type":"Feature","geometry":{"type":"LineString","coordinates":[[26.7926,60.7655],[26.7927,60.7654]]}},{"type":"Feature","geometry":{"type":"LineString","coordinates":[[26.7927,60.7654],[26.7964,60.7621],[26.7993,60.7602],[26.8018,60.759],[26.8134,60.754],[26.8156,60.7527],[26.8176,60.7509],[26.8207,60.7463],[26.8216,60.7444],[26.822,60.7426],[26.8262,60.7085]]}},{"type":"Feature","geometry":{"type":"LineString","coordinates":[[26.8448,60.6936],[26.8464,60.6925],[26.8474,60.6913],[26.8486,60.6859],[26.85,60.6837],[26.8525,60.6815],[26.8541,60.6804],[26.8619,60.6769],[26.8644,60.6754],[26.8656,60.6741],[26.8735,60.6642],[26.8744,60.6627],[26.8752,60.6597],[26.8839,60.6415],[26.8924,60.6311],[26.8958,60.6244],[26.8972,60.6225],[26.9004,60.6196],[26.9043,60.6175],[26.9077,60.6163],[26.9207,60.6127],[26.9261,60.6102]]}},{"type":"Feature","geometry":{"type":"LineString","coordinates":[[26.7617,60.8505],[26.7555,60.823],[26.7568,60.808],[26.7572,60.8061],[26.7583,60.8039],[26.7602,60.8019],[26.7621,60.8005],[26.768,60.7968],[26.7732,60.7922],[26.7743,60.7906],[26.7828,60.7747],[26.784,60.7734],[26.7912,60.7667]]}},{"type":"Feature","geometry":{"type":"LineString","coordinates":[[26.7912,60.7667],[26.7939,60.7642]]}},{"type":"Feature","geometry":{"type":"LineString","coordinates":[[26.7939,60.7642],[26.7967,60.7618],[26.7996,60.76],[26.8133,60.754],[26.8155,60.7528],[26.8176,60.7509],[26.8207,60.7461],[26.8215,60.7443],[26.822,60.7425],[26.8263,60.7073]]}},{"type":"Feature","geometry":{"type":"LineString","coordinates":[[26.8438,60.6941],[26.846,60.6927],[26.8472,60.6914],[26.8485,60.6858],[26.8499,60.6837],[26.8525,60.6814],[26.854,60.6804],[26.8618,60.6769],[26.8643,60.6753],[26.8656,60.674],[26.8734,60.6643],[26.8743,60.6628],[26.8752,60.6596],[26.8847,60.6397],[26.8857,60.6383],[26.8895,60.6346],[26.8922,60.6312],[26.8957,60.6244],[26.8971,60.6226],[26.9003,60.6196],[26.9021,60.6185],[26.9043,60.6175],[26.9076,60.6163],[26.9203,60.6127],[26.9241,60.6111]]}},{"type":"Feature","geometry":{"type":"LineString","coordinates":[[26.9462,60.6001],[26.9487,60.5988],[26.9506,60.5972],[26.9516,60.5958],[26.9548,60.5894],[26.9563,60.588],[26.9595,60.5859],[26.9605,60.5848],[26.961,60.5836],[26.9612,60.5813],[26.9606,60.5792],[26.9595,60.5778],[26.9498,60.5688],[26.9473,60.5655],[26.9459,60.5642],[26.92,60.5501],[26.9177,60.5484],[26.9137,60.5445]]}},{"type":"Feature","geometry":{"type":"LineString","coordinates":[[26.9034,60.5363],[26.9004,60.534],[26.8994,60.5323],[26.899,60.5309],[26.8991,60.5268],[26.8984,60.5248],[26.8971,60.5232],[26.8906,60.5175],[26.8897,60.5156],[26.8896,60.5137],[26.8902,60.5122],[26.8918,60.5102],[26.8932,60.5093],[26.8984,60.5072],[26.9003,60.5061],[26.9018,60.5045],[26.9035,60.5012],[26.9047,60.4998],[26.9124,60.494]]}},{"type":"Feature","geometry":{"type":"LineString","coordinates":[[27.1673,60.5503],[27.1678,60.5476],[27.1677,60.5448],[27.167,60.5434]]}},{"type":"Feature","geometry":{"type":"LineString","coordinates":[[27.1609,60.5619],[27.1617,60.5586],[27.1667,60.552],[27.1673,60.5503]]}},{"type":"Feature","geometry":{"type":"LineString","coordinates":[[27.1667,60.5431],[27.1652,60.5419]]}},{"type":"Feature","geometry":{"type":"LineString","coordinates":[[26.9444,60.6011],[26.9484,60.5991],[26.9507,60.5972],[26.9517,60.5957],[26.9545,60.59],[26.9554,60.5888],[26.9567,60.5878],[26.9612,60.5851],[26.9635,60.584],[26.9671,60.5831],[26.9705,60.5828],[26.9731,60.5829],[26.9944,60.5854],[27.0299,60.5886],[27.0347,60.5889],[27.0617,60.5897],[27.0689,60.5902],[27.076,60.5912],[27.1099,60.5977],[27.1244,60.6001],[27.1288,60.6005],[27.1327,60.6002],[27.1464,60.597],[27.1577,60.5939],[27.1602,60.5929],[27.1618,60.5916],[27.1651,60.5847],[27.1654,60.5832],[27.1651,60.582],[27.1627,60.5761],[27.1603,60.572],[27.1599,60.5707],[27.1599,60.5689],[27.1609,60.5658],[27.1609,60.5619]]}},{"type":"Feature","geometry":{"type":"LineString","coordinates":[[26.9028,60.4525],[26.9015,60.4514],[26.8997,60.4468],[26.8987,60.4455],[26.8927,60.4405],[26.8904,60.4389]]}},{"type":"Feature","geometry":{"type":"LineString","coordinates":[[26.9203,60.4673],[26.9222,60.4647],[26.9225,60.4638],[26.9218,60.4606],[26.9208,60.4592],[26.9189,60.4581],[26.9112,60.4558],[26.9085,60.4546],[26.9045,60.4534],[26.9028,60.4525]]}},{"type":"Feature","geometry":{"type":"LineString","coordinates":[[26.9067,60.429],[26.9079,60.4286]]}},{"type":"Feature","geometry":{"type":"LineString","coordinates":[[26.8904,60.4389],[26.889,60.4375],[26.8889,60.4368],[26.8892,60.4361]]}},{"type":"Feature","geometry":{"type":"LineString","coordinates":[[26.6558,60.9212],[26.6488,60.9234],[26.6469,60.9242],[26.6446,60.9256],[26.6432,60.9273]]}},{"type":"Feature","geometry":{"type":"LineString","coordinates":[[26.6432,60.9273],[26.6398,60.9335],[26.6397,60.9346],[26.64,60.9367],[26.6395,60.9374],[26.6386,60.938],[26.6362,60.9387],[26.6284,60.9394],[26.6244,60.9395],[26.6183,60.9393]]}},{"type":"Feature","geometry":{"type":"LineString","coordinates":[[26.6934,60.8648],[26.683,60.8642],[26.6767,60.8636],[26.6732,60.8636],[26.6703,60.8641],[26.6678,60.865],[26.6658,60.8662],[26.6645,60.8676],[26.664,60.8691],[26.6642,60.8706],[26.6652,60.8727],[26.6669,60.8744],[26.6687,60.8754],[26.6709,60.8763],[26.681,60.879],[26.6834,60.8798],[26.6852,60.8811],[26.6858,60.8826],[26.6854,60.8835],[26.6845,60.8844],[26.6798,60.8867],[26.6779,60.8882],[26.6771,60.8893],[26.6744,60.8947],[26.674,60.8967],[26.6746,60.9018],[26.6751,60.9029],[26.6769,60.9052],[26.6772,60.9068],[26.6766,60.9082],[26.674,60.9111],[26.672,60.9145],[26.6707,60.9157],[26.6688,60.9167],[26.6601,60.9197],[26.6578,60.9204]]}},{"type":"Feature","geometry":{"type":"LineString","coordinates":[[28.7885,61.171],[28.7858,61.1667]]}},{"type":"Feature","geometry":{"type":"LineString","coordinates":[[28.7858,61.1667],[28.7854,61.1646],[28.7861,61.1626],[28.7876,61.1608],[28.7904,61.1589]]}},{"type":"Feature","geometry":{"type":"LineString","coordinates":[[28.7904,61.1589],[28.7975,61.1544],[28.8,61.1523],[28.8013,61.1507],[28.8038,61.1467],[28.8053,61.1434]]}},{"type":"Feature","geometry":{"type":"LineString","coordinates":[[28.7924,61.179],[28.7917,61.1764],[28.7885,61.171]]}},{"type":"Feature","geometry":{"type":"LineString","coordinates":[[28.8098,61.2027],[28.8067,61.1999],[28.8049,61.1967],[28.7949,61.1862],[28.7934,61.1834],[28.7924,61.179]]}},{"type":"Feature","geometry":{"type":"LineString","coordinates":[[28.8053,61.1434],[28.8079,61.1388],[28.8093,61.1373],[28.8109,61.136],[28.8136,61.1343],[28.828,61.1269]]}},{"type":"Feature","geometry":{"type":"LineString","coordinates":[[28.828,61.1269],[28.8318,61.125]]}},{"type":"Feature","geometry":{"type":"LineString","coordinates":[[28.1839,61.0435],[28.1803,61.0419],[28.1779,61.0399],[28.1746,61.0354],[28.1723,61.0294],[28.1687,61.025],[28.1681,61.0236],[28.168,61.0212],[28.1699,61.0189],[28.1711,61.0181],[28.1727,61.0174],[28.1746,61.017],[28.1766,61.0167],[28.1803,61.0168],[28.1944,61.0186],[28.198,61.0192],[28.2019,61.0206],[28.2219,61.0301],[28.2256,61.0315],[28.2284,61.0322],[28.2315,61.0327],[28.2403,61.0333],[28.2438,61.0338],[28.2659,61.0394],[28.2694,61.0408],[28.2995,61.0566],[28.3022,61.0575],[28.3084,61.0592],[28.3105,61.0594],[28.3126,61.0592]]}},{"type":"Feature","geometry":{"type":"LineString","coordinates":[[25.6893,60.9735],[25.6944,60.9727]]}},{"type":"Feature","geometry":{"type":"LineString","coordinates":[[25.6944,60.9727],[25.698,60.9724],[25.7035,60.9721],[25.7072,60.9722],[25.7096,60.9725],[25.7125,60.9732],[25.7141,60.9739],[25.7153,60.9747]]}},{"type":"Feature","geometry":{"type":"LineString","coordinates":[[25.9264,61.1011],[25.9415,61.103]]}},{"type":"Feature","geometry":{"type":"LineString","coordinates":[[26.0523,61.2058],[26.0537,61.2065]]}},{"type":"Feature","geometry":{"type":"LineString","coordinates":[[26.0416,61.2005],[26.0523,61.2058]]}},{"type":"Feature","geometry":{"type":"LineString","coordinates":[[25.7153,60.9747],[25.7186,60.9773],[25.7203,60.9783],[25.7224,60.979],[25.7278,60.9803],[25.7304,60.9814],[25.7322,60.9828],[25.7339,60.9855],[25.7354,60.9869],[25.7373,60.9881],[25.7429,60.9907],[25.7473,60.992],[25.75,60.9925],[25.7526,60.9926],[25.7584,60.9922],[25.7613,60.9923],[25.7704,60.9933],[25.773,60.9938],[25.7757,60.9951],[25.7947,61.0084],[25.7965,61.0094],[25.7983,61.01],[25.8003,61.0104],[25.816,61.0126],[25.8187,61.0133],[25.821,61.0144],[25.8226,61.0157],[25.8236,61.0172],[25.8247,61.0255],[25.8258,61.0273],[25.8276,61.0286],[25.8427,61.0364],[25.8443,61.0376],[25.8454,61.039],[25.846,61.0405],[25.8458,61.042],[25.8425,61.0474],[25.8421,61.0491],[25.845,61.0575],[25.8462,61.0594],[25.848,61.0612],[25.8517,61.0635],[25.8815,61.0783],[25.8845,61.0796],[25.8939,61.0828],[25.899,61.0851],[25.9004,61.0863],[25.9011,61.0876],[25.9021,61.095],[25.9031,61.0964],[25.9049,61.0975],[25.9069,61.0983],[25.9093,61.0989],[25.9264,61.1011]]}},{"type":"Feature","geometry":{"type":"LineString","coordinates":[[25.9415,61.103],[25.945,61.1035],[25.9477,61.1042],[25.9501,61.1052],[25.9518,61.1065],[25.9529,61.1079],[25.9579,61.1196],[25.9591,61.1215],[25.9609,61.1233],[25.9725,61.1324],[25.9746,61.1347],[25.977,61.1384],[25.9913,61.1668],[25.9935,61.1761],[25.9953,61.1802],[25.9962,61.1815],[25.9992,61.184],[26.0003,61.1871],[26.002,61.1895],[26.0039,61.1909],[26.0066,61.1919],[26.0209,61.1957],[26.0274,61.1968],[26.032,61.1982],[26.0395,61.1998],[26.0416,61.2005]]}},{"type":"Feature","geometry":{"type":"LineString","coordinates":[[26.2479,60.4227],[26.2474,60.4208],[26.2475,60.4193]]}},{"type":"Feature","geometry":{"type":"LineString","coordinates":[[26.1218,60.6003],[26.1302,60.5986],[26.1335,60.5977]]}},{"type":"Feature","geometry":{"type":"LineString","coordinates":[[25.6719,60.9756],[25.6768,60.9753],[25.6805,60.9749],[25.6918,60.973],[25.6951,60.9721],[25.6979,60.9708],[25.6999,60.9692],[25.701,60.9676],[25.7014,60.9652]]}},{"type":"Feature","geometry":{"type":"LineString","coordinates":[[26.2471,60.4204],[26.2491,60.4131]]}},{"type":"Feature","geometry":{"type":"LineString","coordinates":[[25.7478,60.8185],[25.7489,60.8137]]}},{"type":"Feature","geometry":{"type":"LineString","coordinates":[[26.2475,60.4193],[26.2481,60.418],[26.2503,60.416]]}},{"type":"Feature","geometry":{"type":"LineString","coordinates":[[25.7014,60.9652],[25.7049,60.943],[25.7063,60.9408],[25.7101,60.9375],[25.7111,60.9359],[25.7157,60.9175],[25.7163,60.9164],[25.7202,60.9116],[25.724,60.9024],[25.7246,60.898],[25.7277,60.8841],[25.7381,60.8661],[25.7388,60.8641],[25.7387,60.8618],[25.7333,60.8493],[25.7328,60.8459],[25.733,60.8446],[25.7344,60.8425],[25.74,60.8381],[25.7415,60.8363],[25.7438,60.8295],[25.7443,60.8255],[25.7473,60.8205],[25.7478,60.8185]]}},{"type":"Feature","geometry":{"type":"LineString","coordinates":[[25.7489,60.8137],[25.7495,60.8113],[25.7517,60.8066],[25.7529,60.805],[25.7553,60.804],[25.7623,60.8026],[25.766,60.8013],[25.7678,60.8003],[25.7784,60.7928],[25.779,60.792],[25.7791,60.7911],[25.7776,60.7857],[25.7781,60.7844],[25.7792,60.7831],[25.7908,60.7762],[25.8023,60.7705],[25.8062,60.7681],[25.8094,60.7652],[25.8118,60.7635],[25.8157,60.7617],[25.8227,60.7592],[25.8259,60.7586],[25.8331,60.7583],[25.8367,60.7577],[25.8438,60.7561],[25.8518,60.7529],[25.8563,60.7519],[25.8581,60.7513],[25.8617,60.7487],[25.8664,60.7464],[25.8683,60.7449],[25.869,60.7437],[25.8723,60.7339],[25.8728,60.733],[25.8738,60.7323],[25.8762,60.7313],[25.8807,60.7306],[25.8823,60.7302],[25.8902,60.7273],[25.8942,60.7255],[25.9012,60.7232],[25.9043,60.7212],[25.9157,60.7158],[25.9229,60.7128],[25.9254,60.7111],[25.9297,60.7089],[25.9334,60.7057],[25.9412,60.7009],[25.9426,60.6996],[25.9432,60.6982],[25.9418,60.6904],[25.942,60.6895],[25.9426,60.6887],[25.9757,60.6619],[25.9776,60.6609],[25.9798,60.6601],[25.9905,60.6577],[25.9948,60.6564],[25.9963,60.6559],[25.9974,60.6552],[26.0005,60.6513],[26.0029,60.6435],[26.004,60.641],[26.008,60.6373],[26.0161,60.6308],[26.025,60.619],[26.0261,60.618],[26.0291,60.6162],[26.0315,60.6152],[26.0344,60.6146],[26.0387,60.6144],[26.0454,60.6144],[26.0476,60.6141],[26.0629,60.6109],[26.0652,60.6103],[26.0684,60.6088],[26.0743,60.6048],[26.0752,60.604],[26.0765,60.6024],[26.0774,60.6017],[26.0836,60.5983],[26.0862,60.5975],[26.093,60.597],[26.0988,60.5963],[26.1011,60.5963],[26.1029,60.5966],[26.1044,60.597],[26.1088,60.5994],[26.1119,60.6003],[26.1139,60.6006],[26.1176,60.6008],[26.1193,60.6007],[26.1218,60.6003]]}},{"type":"Feature","geometry":{"type":"LineString","coordinates":[[26.1335,60.5977],[26.1369,60.5965],[26.1415,60.5932],[26.142,60.5922],[26.1426,60.5893],[26.1434,60.5879],[26.1565,60.5719],[26.159,60.5681],[26.176,60.5365],[26.1828,60.5248],[26.1918,60.5136],[26.1929,60.5078],[26.1903,60.4945],[26.191,60.4908],[26.1937,60.4857],[26.1977,60.4807],[26.1988,60.4771],[26.2027,60.4712],[26.2063,60.466],[26.2078,60.4643],[26.2222,60.4525],[26.2228,60.4514],[26.2244,60.4437],[26.2252,60.4424],[26.2283,60.4386],[26.2326,60.4349],[26.2376,60.4318],[26.2412,60.4288],[26.2426,60.4281],[26.2458,60.427],[26.2472,60.4262],[26.2482,60.4248],[26.248,60.4231]]}},{"type":"Feature","geometry":{"type":"LineString","coordinates":[[24.0085,61.2654],[24.0101,61.2671],[24.013,61.2693],[24.0171,61.2742],[24.0185,61.2751]]}},{"type":"Feature","geometry":{"type":"LineString","coordinates":[[23.8819,61.2331],[23.8875,61.2357]]}},{"type":"Feature","geometry":{"type":"LineString","coordinates":[[24.0088,61.2657],[24.0131,61.2691],[24.0161,61.2728]]}},{"type":"Feature","geometry":{"type":"LineString","coordinates":[[23.8499,61.1755],[23.8467,61.1774],[23.8452,61.1786],[23.8407,61.1857]]}},{"type":"Feature","geometry":{"type":"LineString","coordinates":[[23.8407,61.1857],[23.8369,61.1917],[23.8347,61.1972],[23.8347,61.1988],[23.8356,61.2004],[23.8377,61.2021],[23.8415,61.2037],[23.8427,61.2045],[23.8434,61.2056],[23.8437,61.2078],[23.8447,61.2089],[23.8523,61.2123],[23.855,61.214],[23.8614,61.2212],[23.8637,61.2232],[23.875,61.2299],[23.8819,61.2331]]}},{"type":"Feature","geometry":{"type":"LineString","coordinates":[[23.8875,61.2357],[23.899,61.2409],[23.9124,61.2457],[23.9298,61.2545],[23.9347,61.2566],[23.9411,61.2596],[23.947,61.2618],[23.9494,61.2626],[23.9572,61.2641],[23.9609,61.2643],[23.9965,61.2621],[23.9992,61.262],[24.0022,61.2624],[24.0049,61.2631],[24.007,61.2641],[24.0085,61.2654]]}},{"type":"Feature","geometry":{"type":"LineString","coordinates":[[24.0189,61.2753],[24.0199,61.2759]]}},{"type":"Feature","geometry":{"type":"LineString","coordinates":[[22.3708,60.5393],[22.3569,60.5373],[22.3508,60.5368]]}},{"type":"Feature","geometry":{"type":"LineString","coordinates":[[22.5619,60.6272],[22.5571,60.6212],[22.5555,60.6198],[22.5533,60.6183]]}},{"type":"Feature","geometry":{"type":"LineString","coordinates":[[22.7539,60.7039],[22.7366,60.6999]]}},{"type":"Feature","geometry":{"type":"LineString","coordinates":[[23.6274,61.0647],[23.6191,61.0559]]}},{"type":"Feature","geometry":{"type":"LineString","coordinates":[[23.063,60.8504],[23.0616,60.849],[23.0536,60.8391]]}},{"type":"Feature","geometry":{"type":"LineString","coordinates":[[23.3689,60.9197],[23.356,60.9194],[23.3479,60.9186]]}},{"type":"Feature","geometry":{"type":"LineString","coordinates":[[23.8725,61.1678],[23.8787,61.1662],[23.8806,61.1656],[23.8827,61.1644],[23.8841,61.1631],[23.8846,61.1613],[23.8839,61.1596],[23.8822,61.1581],[23.8795,61.1569],[23.8763,61.1562],[23.8541,61.1534],[23.8505,61.1531],[23.8287,61.1525],[23.8241,61.152],[23.8198,61.1511],[23.8164,61.1501],[23.8133,61.1489],[23.7942,61.1391],[23.7896,61.1373],[23.7852,61.1362],[23.7749,61.1344],[23.7593,61.1302],[23.7526,61.1283],[23.7397,61.1238],[23.7262,61.1195],[23.7166,61.1153],[23.7123,61.1139],[23.7068,61.1128],[23.692,61.1109],[23.6883,61.11],[23.6849,61.1087],[23.679,61.1059],[23.6743,61.1028],[23.6346,61.0719],[23.6323,61.0698],[23.6274,61.0647]]}},{"type":"Feature","geometry":{"type":"LineString","coordinates":[[23.6191,61.0559],[23.6105,61.0468],[23.6092,61.045],[23.6083,61.0424],[23.6088,61.0384],[23.6084,61.0363],[23.6061,61.0312],[23.6037,61.0284],[23.5963,61.0229],[23.5934,61.0213],[23.5908,61.0204],[23.588,61.0196],[23.5854,61.0192],[23.5797,61.0186],[23.5769,61.0179],[23.5746,61.017],[23.5726,61.0159],[23.5709,61.0147],[23.5695,61.0134],[23.568,61.0108],[23.5658,60.9995],[23.564,60.9935],[23.563,60.9913],[23.5614,60.9888],[23.5556,60.9814],[23.5536,60.9796],[23.551,60.9779],[23.534,60.9696],[23.53,60.968],[23.4972,60.9582],[23.4941,60.9576],[23.4876,60.9568],[23.4836,60.9562],[23.4533,60.9495],[23.4492,60.9485],[23.4444,60.9467],[23.3911,60.9241],[23.3865,60.9227],[23.3747,60.9203],[23.3719,60.9199],[23.3689,60.9197]]}},{"type":"Feature","geometry":{"type":"LineString","coordinates":[[23.3479,60.9186],[23.3354,60.9172],[23.3304,60.9162],[23.3256,60.9147],[23.3173,60.9111],[23.3158,60.91],[23.3147,60.9087],[23.3086,60.8964],[23.307,60.8941],[23.3048,60.8923],[23.3021,60.8906],[23.2989,60.8892],[23.2954,60.8881],[23.2922,60.8876],[23.2889,60.8875],[23.2729,60.8889],[23.2699,60.8889],[23.2668,60.8887],[23.2635,60.888],[23.2229,60.8781],[23.218,60.8773],[23.2125,60.8768],[23.2071,60.8768],[23.2019,60.8771],[23.1691,60.8817],[23.1657,60.8819],[23.1624,60.8815],[23.1593,60.8808],[23.0792,60.8593],[23.0762,60.8582],[23.0736,60.8569],[23.0676,60.853],[23.0643,60.8513],[23.063,60.8504]]}},{"type":"Feature","geometry":{"type":"LineString","coordinates":[[23.0536,60.8391],[23.0514,60.837],[23.025,60.8153],[23.0224,60.8135],[23.0193,60.8119],[23.0139,60.8099],[22.9496,60.7919],[22.9424,60.7894],[22.9362,60.7864],[22.902,60.7667],[22.8982,60.765],[22.8911,60.7627],[22.8874,60.7613],[22.8702,60.7526],[22.8656,60.7511],[22.837,60.7438],[22.8104,60.7352],[22.8084,60.734],[22.8061,60.7312],[22.8044,60.73],[22.7865,60.7226],[22.7841,60.7214],[22.7704,60.7101],[22.7676,60.7082],[22.7649,60.7069],[22.762,60.7058],[22.7539,60.7039]]}},{"type":"Feature","geometry":{"type":"LineString","coordinates":[[22.7366,60.6999],[22.7261,60.6975],[22.714,60.696],[22.711,60.6952],[22.7084,60.6941],[22.7063,60.6927],[22.7022,60.6886],[22.6962,60.6838],[22.6897,60.6773],[22.6828,60.6712],[22.6795,60.6691],[22.6754,60.6673],[22.6716,60.6662],[22.6676,60.6654],[22.6521,60.6638],[22.6469,60.6629],[22.6421,60.6615],[22.6261,60.6553],[22.6118,60.6509],[22.6083,60.6501],[22.6047,60.6495],[22.592,60.6482],[22.5898,60.6478],[22.5877,60.6471],[22.5854,60.6458],[22.5662,60.6319],[22.5645,60.6304],[22.5619,60.6272]]}},{"type":"Feature","geometry":{"type":"LineString","coordinates":[[22.5533,60.6183],[22.5461,60.6135],[22.5416,60.6093],[22.5389,60.6072],[22.536,60.6055],[22.5296,60.6022],[22.5273,60.6007],[22.5255,60.5992],[22.5188,60.5928],[22.5173,60.5917],[22.5155,60.5908],[22.5133,60.59],[22.5108,60.5894],[22.4987,60.5876],[22.4758,60.5829],[22.4626,60.5797],[22.4586,60.5785],[22.4542,60.5766],[22.4505,60.5743],[22.439,60.5639],[22.4363,60.5621],[22.434,60.561],[22.4113,60.5522],[22.4088,60.551],[22.4008,60.5462],[22.3985,60.5451],[22.3949,60.5437],[22.3909,60.5427],[22.3708,60.5393]]}},{"type":"Feature","geometry":{"type":"LineString","coordinates":[[22.3508,60.5368],[22.3311,60.5354],[22.3269,60.5349],[22.3238,60.5342],[22.3209,60.5331],[22.3173,60.5315],[22.3153,60.5301],[22.3143,60.5287],[22.3082,60.5184],[22.305,60.5114],[22.3048,60.5084],[22.3065,60.4984],[22.306,60.4963],[22.3043,60.4946],[22.3001,60.4923],[22.2986,60.491],[22.2979,60.4895],[22.2978,60.4866],[22.2964,60.4845],[22.295,60.4835],[22.2887,60.4802],[22.2872,60.4791],[22.2861,60.4779],[22.2853,60.4759],[22.2856,60.4688],[22.2851,60.4675],[22.2838,60.4657],[22.2823,60.4644],[22.2802,60.4632],[22.2725,60.4605]]}},{"type":"Feature","geometry":{"type":"LineString","coordinates":[[22.2725,60.4605],[22.2676,60.4589]]}},{"type":"Feature","geometry":{"type":"LineString","coordinates":[[22.1352,60.4838],[22.1239,60.4875]]}},{"type":"Feature","geometry":{"type":"LineString","coordinates":[[21.9686,60.6482],[21.9599,60.6524]]}},{"type":"Feature","geometry":{"type":"LineString","coordinates":[[21.4364,60.7942],[21.4215,60.7986]]}},{"type":"Feature","geometry":{"type":"LineString","coordinates":[[22.2327,60.453],[22.2242,60.4542]]}},{"type":"Feature","geometry":{"type":"LineString","coordinates":[[22.2342,60.4527],[22.2327,60.453]]}},{"type":"Feature","geometry":{"type":"LineString","coordinates":[[22.2242,60.4542],[22.2199,60.4547],[22.189,60.4592]]}},{"type":"Feature","geometry":{"type":"LineString","coordinates":[[22.189,60.4592],[22.1855,60.4598],[22.1826,60.4608],[22.1708,60.4671],[22.167,60.4687]]}},{"type":"Feature","geometry":{"type":"LineString","coordinates":[[22.167,60.4687],[22.158,60.4721],[22.1393,60.4822],[22.1359,60.4836]]}},{"type":"Feature","geometry":{"type":"LineString","coordinates":[[22.1359,60.4836],[22.1354,60.4837]]}},{"type":"Feature","geometry":{"type":"LineString","coordinates":[[22.1354,60.4837],[22.1223,60.4882],[22.1205,60.4892],[22.1194,60.4905],[22.1023,60.5293],[22.1005,60.5425],[22.0975,60.5479],[22.0972,60.5489],[22.0988,60.5556],[22.0988,60.5568],[22.0925,60.5692],[22.0916,60.5705],[22.0902,60.5715],[22.0836,60.5752],[22.0675,60.5871],[22.0641,60.5889],[22.0347,60.6001],[22.0305,60.601],[22.0161,60.6026],[22.0118,60.6034],[22.0088,60.6041],[22.0061,60.6051],[22.0036,60.6062],[22.0013,60.6074],[21.999,60.6091],[21.9972,60.611],[21.9913,60.6214],[21.9855,60.6282],[21.9732,60.6451],[21.9714,60.6467],[21.9686,60.6482]]}},{"type":"Feature","geometry":{"type":"LineString","coordinates":[[21.9599,60.6524],[21.9564,60.6541],[21.9547,60.6547],[21.9465,60.6563],[21.9431,60.6566],[21.9176,60.6575],[21.9139,60.6578],[21.9106,60.6582],[21.8855,60.6628],[21.8828,60.6632],[21.8786,60.6633],[21.8569,60.6619],[21.8525,60.662],[21.8481,60.6624],[21.8446,60.663],[21.7609,60.6805],[21.757,60.6811],[21.729,60.6836],[21.7246,60.6845],[21.7213,60.6856],[21.7187,60.6872],[21.71,60.6935],[21.6983,60.7038],[21.6948,60.706],[21.6924,60.7071],[21.6832,60.7106],[21.6767,60.7143],[21.6733,60.7157],[21.6702,60.7165],[21.6485,60.7205],[21.6459,60.7212],[21.6435,60.7221],[21.6209,60.7344],[21.6185,60.7354],[21.6092,60.7389],[21.5928,60.7469],[21.5903,60.7486],[21.587,60.7513],[21.5852,60.7526],[21.5646,60.765],[21.5617,60.7664],[21.5426,60.7728],[21.4835,60.7857],[21.4605,60.7922],[21.4583,60.7926],[21.456,60.7928],[21.4411,60.7931],[21.4391,60.7935],[21.4364,60.7942]]}},{"type":"Feature","geometry":{"type":"LineString","coordinates":[[21.4215,60.7986],[21.4189,60.7993],[21.4166,60.7995],[21.4024,60.7983],[21.3988,60.7984]]}},{"type":"Feature","geometry":{"type":"LineString","coordinates":[[22.0422,60.4707],[22.0379,60.4694],[22.0331,60.4683]]}},{"type":"Feature","geometry":{"type":"LineString","coordinates":[[22.0331,60.4683],[22.0324,60.4681]]}},{"type":"Feature","geometry":{"type":"LineString","coordinates":[[22.1239,60.4875],[22.1223,60.488],[22.1206,60.4882],[22.1169,60.4883],[22.1017,60.4857],[22.0869,60.4819],[22.0667,60.4774],[22.0551,60.4751],[22.0519,60.4742],[22.0429,60.4709]]}},{"type":"Feature","geometry":{"type":"LineString","coordinates":[[21.3675,60.8015],[21.3595,60.7987],[21.3538,60.7974]]}},{"type":"Feature","geometry":{"type":"LineString","coordinates":[[21.3538,60.7974],[21.3473,60.7967],[21.3424,60.7951]]}},{"type":"Feature","geometry":{"type":"LineString","coordinates":[[21.3988,60.7984],[21.3939,60.799],[21.3919,60.7993],[21.3863,60.8011],[21.383,60.8024],[21.3785,60.8033],[21.3765,60.8033],[21.3748,60.8032],[21.3702,60.8023],[21.3675,60.8015]]}},{"type":"Feature","geometry":{"type":"LineString","coordinates":[[21.3424,60.7951],[21.3409,60.7945],[21.34,60.7939],[21.3397,60.7933],[21.3397,60.7924]]}},{"type":"Feature","geometry":{"type":"LineString","coordinates":[[22.2316,60.4352],[22.2302,60.4345],[22.2283,60.4342],[22.226,60.4342],[22.223,60.4347]]}},{"type":"Feature","geometry":{"type":"LineString","coordinates":[[22.2456,60.4518],[22.2437,60.4509],[22.242,60.4487],[22.2353,60.4447],[22.2338,60.4433],[22.2327,60.4414],[22.2323,60.4361],[22.2316,60.4352]]}},{"type":"Feature","geometry":{"type":"LineString","coordinates":[[21.7171,61.1817],[21.7023,61.1769]]}},{"type":"Feature","geometry":{"type":"LineString","coordinates":[[21.4742,61.1292],[21.4737,61.1291]]}},{"type":"Feature","geometry":{"type":"LineString","coordinates":[[21.4928,61.1324],[21.4818,61.1307],[21.4742,61.1292]]}},{"type":"Feature","geometry":{"type":"LineString","coordinates":[[21.4956,61.1329],[21.4928,61.1324]]}},{"type":"Feature","geometry":{"type":"LineString","coordinates":[[22.102,61.2105],[22.0843,61.2093]]}},{"type":"Feature","geometry":{"type":"LineString","coordinates":[[22.2972,61.2557],[22.2927,61.2568],[22.2908,61.2571],[22.2879,61.2571],[22.2852,61.2567],[22.2547,61.2461],[22.212,61.2338],[22.1527,61.2221],[22.1237,61.2166],[22.121,61.2158],[22.1129,61.2121],[22.1111,61.2114],[22.1084,61.211],[22.102,61.2105]]}},{"type":"Feature","geometry":{"type":"LineString","coordinates":[[22.0843,61.2093],[22.0726,61.2088],[22.0522,61.2072],[22.0355,61.2054],[22.0153,61.2048],[21.9984,61.2024],[21.9875,61.2016],[21.9632,61.202],[21.9017,61.2031],[21.8981,61.203],[21.8953,61.2027],[21.8926,61.2022],[21.8719,61.196],[21.8503,61.1906],[21.8448,61.1897],[21.8405,61.1893],[21.8046,61.1881],[21.783,61.1864],[21.7689,61.1851],[21.765,61.1851],[21.7517,61.1856],[21.7288,61.1849],[21.7269,61.1847],[21.7252,61.1843],[21.7171,61.1817]]}},{"type":"Feature","geometry":{"type":"LineString","coordinates":[[21.7023,61.1769],[21.6796,61.1693],[21.6768,61.1681],[21.6673,61.1629],[21.6645,61.162],[21.6428,61.1595],[21.6397,61.1589],[21.6344,61.1574],[21.6321,61.1569],[21.6173,61.1557],[21.5977,61.1527],[21.5908,61.1513],[21.582,61.1506],[21.5735,61.1493],[21.5704,61.1487],[21.5675,61.1479],[21.5563,61.1437],[21.5543,61.1433],[21.5495,61.1427],[21.5475,61.1422],[21.5434,61.1406],[21.5378,61.1381],[21.5349,61.1372],[21.5319,61.1365],[21.5214,61.1344],[21.5134,61.1333],[21.5101,61.1332],[21.5056,61.1338],[21.503,61.1338],[21.5007,61.1337],[21.4956,61.1329]]}},{"type":"Feature","geometry":{"type":"LineString","coordinates":[[21.5438,61.5773],[21.5426,61.5778]]}},{"type":"Feature","geometry":{"type":"LineString","coordinates":[[21.5426,61.5778],[21.5404,61.5791],[21.5388,61.5805],[21.526,61.5982],[21.5094,61.6186],[21.5081,61.6198],[21.5062,61.6208],[21.5034,61.6217],[21.4952,61.6236],[21.4904,61.6242],[21.4869,61.6243],[21.4682,61.6235],[21.4555,61.624],[21.4526,61.6243],[21.4493,61.6249],[21.4473,61.6255],[21.439,61.6296],[21.4366,61.6304],[21.4145,61.6344]]}},{"type":"Feature","geometry":{"type":"LineString","coordinates":[[21.844,61.4795],[21.8439,61.4811]]}},{"type":"Feature","geometry":{"type":"LineString","coordinates":[[22.4737,61.8436],[22.4893,61.8456]]}},{"type":"Feature","geometry":{"type":"LineString","coordinates":[[22.4597,61.8417],[22.4628,61.8422],[22.4737,61.8436]]}},{"type":"Feature","geometry":{"type":"LineString","coordinates":[[22.4893,61.8456],[22.5436,61.8525],[22.548,61.8534],[22.5583,61.8561],[22.5632,61.857],[22.5671,61.8574],[22.587,61.8585],[22.5921,61.8591],[22.5955,61.8598],[22.6328,61.8688],[22.636,61.8694],[22.6481,61.8712],[22.6514,61.872],[22.6544,61.8729],[22.7269,61.9031],[22.7467,61.9134],[22.7489,61.9148],[22.7514,61.9168],[22.7582,61.9243],[22.7613,61.9266],[22.765,61.9285],[22.7713,61.9307],[22.774,61.9319],[22.7813,61.9363],[22.7843,61.9378],[22.7879,61.939],[22.7995,61.9424],[22.8044,61.9435],[22.8079,61.944],[22.8366,61.947],[22.8418,61.948],[22.846,61.9495],[22.8493,61.9514],[22.8515,61.9537],[22.8528,61.9569],[22.8538,61.9583],[22.856,61.9598],[22.8589,61.9611],[22.8618,61.9619],[22.9175,61.9732],[22.9206,61.974],[22.9236,61.975],[22.9262,61.9761],[22.9492,61.9873],[22.9682,62.0005],[22.9702,62.0023],[22.9717,62.0045],[22.9746,62.0123],[22.9761,62.0138],[22.9783,62.0151],[22.982,62.0164],[22.9865,62.0172],[22.9909,62.0172],[22.9983,62.0165],[23.0012,62.0164],[23.0052,62.0167],[23.0087,62.0176],[23.0158,62.0202],[23.018,62.0215],[23.0192,62.0227],[23.0241,62.0305],[23.0259,62.0318],[23.0285,62.0327],[23.0311,62.0331],[23.0391,62.0336],[23.0643,62.036],[23.0679,62.0366],[23.0712,62.0375],[23.0735,62.0384],[23.0755,62.0395],[23.0771,62.0408],[23.0783,62.0422],[23.0788,62.0435],[23.0792,62.0455],[23.0787,62.0494]]}},{"type":"Feature","geometry":{"type":"LineString","coordinates":[[25.2082,61.8183],[25.2132,61.8171],[25.2201,61.8151]]}},{"type":"Feature","geometry":{"type":"LineString","coordinates":[[25.2201,61.8151],[25.2226,61.8143],[25.2243,61.8141],[25.232,61.8142],[25.2342,61.8139]]}},{"type":"Feature","geometry":{"type":"LineString","coordinates":[[25.1743,61.8613],[25.1763,61.8575],[25.1775,61.8565],[25.1805,61.8547],[25.1813,61.8537],[25.1798,61.8359],[25.1801,61.8343],[25.181,61.8327],[25.183,61.8309],[25.1968,61.8215],[25.2004,61.8201],[25.2082,61.8183]]}},{"type":"Feature","geometry":{"type":"LineString","coordinates":[[24.6437,62.0297],[24.658,62.0266]]}},{"type":"Feature","geometry":{"type":"LineString","coordinates":[[24.658,62.0266],[24.663,62.0256]]}},{"type":"Feature","geometry":{"type":"LineString","coordinates":[[24.5063,62.0283],[24.5066,62.0292],[24.5077,62.0301],[24.5093,62.0308],[24.5114,62.0311],[24.5131,62.0311],[24.5147,62.0308],[24.5185,62.0294],[24.5208,62.0288],[24.5231,62.0285],[24.5255,62.0285],[24.5286,62.0288],[24.5369,62.0304],[24.5514,62.0323],[24.5866,62.0331],[24.5907,62.0329],[24.605,62.0305],[24.6076,62.0302],[24.6397,62.0302],[24.6417,62.0301],[24.6437,62.0297]]}},{"type":"Feature","geometry":{"type":"LineString","coordinates":[[22.7146,63.669],[22.7157,63.6711],[22.7158,63.6725],[22.7126,63.6774]]}},{"type":"Feature","geometry":{"type":"LineString","coordinates":[[22.7872,63.5942],[22.7847,63.5935],[22.782,63.5934],[22.7795,63.5938],[22.7776,63.5947],[22.7768,63.5958],[22.775,63.6079],[22.7741,63.6094],[22.7724,63.6105],[22.764,63.6145],[22.7489,63.6233],[22.7467,63.6251],[22.7455,63.6271],[22.7446,63.6363],[22.7437,63.6395],[22.7425,63.6418],[22.7361,63.6511],[22.7343,63.6542],[22.7323,63.6562],[22.7281,63.6591],[22.7251,63.6605],[22.7189,63.6625],[22.7167,63.6636],[22.7148,63.6656],[22.7142,63.6665],[22.7141,63.6677],[22.7146,63.669]]}},{"type":"Feature","geometry":{"type":"LineString","coordinates":[[22.7004,63.6957],[22.6986,63.7045]]}},{"type":"Feature","geometry":{"type":"LineString","coordinates":[[22.7126,63.6774],[22.711,63.6799],[22.7091,63.6836],[22.708,63.6846],[22.7044,63.6868],[22.7024,63.689],[22.7016,63.6907],[22.7004,63.6957]]}},{"type":"Feature","geometry":{"type":"LineString","coordinates":[[23.0777,63.8393],[23.0669,63.8407]]}},{"type":"Feature","geometry":{"type":"LineString","coordinates":[[23.0669,63.8407],[23.0516,63.8426],[23.0476,63.8429],[23.0433,63.8429]]}},{"type":"Feature","geometry":{"type":"LineString","coordinates":[[23.0379,63.8428],[23.0345,63.8429],[23.0287,63.8441]]}},{"type":"Feature","geometry":{"type":"LineString","coordinates":[[23.1235,63.8342],[23.1192,63.8341],[23.1153,63.8343],[23.0777,63.8393]]}},{"type":"Feature","geometry":{"type":"LineString","coordinates":[[21.6434,63.091],[21.6401,63.0918],[21.6318,63.0943],[21.6263,63.0962]]}},{"type":"Feature","geometry":{"type":"LineString","coordinates":[[22.0069,62.9897],[21.9994,62.9907],[21.9935,62.9918]]}},{"type":"Feature","geometry":{"type":"LineString","coordinates":[[22.3999,62.9498],[22.3871,62.9531]]}},{"type":"Feature","geometry":{"type":"LineString","coordinates":[[21.6263,63.0962],[21.6203,63.0983]]}},{"type":"Feature","geometry":{"type":"LineString","coordinates":[[22.8359,62.7958],[22.8343,62.7964]]}},{"type":"Feature","geometry":{"type":"LineString","coordinates":[[22.8343,62.7964],[22.7981,62.8129],[22.7954,62.8144],[22.7871,62.8202],[22.7839,62.8217],[22.7774,62.8242],[22.7748,62.8254],[22.7513,62.8419],[22.7274,62.8556],[22.7236,62.8576],[22.717,62.8602],[22.6831,62.8715],[22.6027,62.9042],[22.5821,62.9104],[22.5778,62.9114],[22.536,62.9173],[22.5283,62.9187],[22.3999,62.9498]]}},{"type":"Feature","geometry":{"type":"LineString","coordinates":[[22.3871,62.9531],[22.369,62.9577],[22.3292,62.966],[22.2387,62.9905],[22.2347,62.9912],[22.1645,63.0018],[22.1591,63.002],[22.1537,63.0017],[22.1428,62.9998],[22.1298,62.9988],[22.0939,62.9935],[22.0863,62.9926],[22.0245,62.988],[22.0195,62.9882],[22.0069,62.9897]]}},{"type":"Feature","geometry":{"type":"LineString","coordinates":[[21.9935,62.9918],[21.9672,62.9969],[21.9644,62.9976],[21.9619,62.9984],[21.8897,63.0336],[21.8472,63.0485],[21.8125,63.0605],[21.8086,63.0614],[21.7865,63.0656],[21.7824,63.0669],[21.7757,63.0699],[21.7738,63.0705],[21.7717,63.0708],[21.7683,63.071],[21.7578,63.0707],[21.7438,63.0711],[21.7405,63.0713],[21.736,63.0722],[21.722,63.0765],[21.7136,63.0782],[21.7106,63.0786],[21.7082,63.0787],[21.7058,63.0786],[21.6961,63.0772],[21.6906,63.0769],[21.6871,63.077],[21.6796,63.0777],[21.6717,63.0788],[21.6683,63.0796],[21.6623,63.0815],[21.6602,63.0827],[21.656,63.0861],[21.654,63.0873],[21.648,63.0897],[21.6434,63.091]]}},{"type":"Feature","geometry":{"type":"LineString","coordinates":[[21.5768,63.0884],[21.5748,63.0878],[21.573,63.0876],[21.5655,63.0879]]}},{"type":"Feature","geometry":{"type":"LineString","coordinates":[[21.5655,63.0879],[21.5633,63.0879],[21.5615,63.0876]]}},{"type":"Feature","geometry":{"type":"LineString","coordinates":[[21.6203,63.0983],[21.6173,63.0991],[21.6078,63.1009],[21.6054,63.1011],[21.6032,63.1008],[21.6014,63.1002],[21.6004,63.0992],[21.6001,63.0976],[21.6013,63.0954],[21.6007,63.0945],[21.5997,63.0938],[21.5981,63.0931],[21.5966,63.0927],[21.5902,63.0922],[21.5882,63.0918],[21.5788,63.089]]}},{"type":"Feature","geometry":{"type":"LineString","coordinates":[[21.5788,63.089],[21.5768,63.0884]]}},{"type":"Feature","geometry":{"type":"LineString","coordinates":[[21.2278,62.3768],[21.2224,62.3658]]}},{"type":"Feature","geometry":{"type":"LineString","coordinates":[[21.2324,62.3859],[21.228,62.3771]]}},{"type":"Feature","geometry":{"type":"LineString","coordinates":[[21.228,62.3771],[21.2278,62.3768]]}},{"type":"Feature","geometry":{"type":"LineString","coordinates":[[21.2224,62.3658],[21.2202,62.3612]]}},{"type":"Feature","geometry":{"type":"LineString","coordinates":[[22.4687,62.6875],[22.4586,62.6883]]}},{"type":"Feature","geometry":{"type":"LineString","coordinates":[[21.7494,62.4765],[21.7377,62.4739]]}},{"type":"Feature","geometry":{"type":"LineString","coordinates":[[22.8343,62.7964],[22.8322,62.7972],[22.83,62.7975],[22.8186,62.7979],[22.8147,62.7978],[22.7676,62.7951],[22.7384,62.7926],[22.7343,62.7921],[22.7304,62.7912],[22.701,62.7827],[22.6862,62.7779],[22.684,62.777],[22.6821,62.776],[22.6804,62.7746],[22.6642,62.7586],[22.6627,62.7574],[22.6606,62.7564],[22.4796,62.6888],[22.4772,62.6881],[22.4745,62.6876],[22.4716,62.6874],[22.4687,62.6875]]}},{"type":"Feature","geometry":{"type":"LineString","coordinates":[[22.4586,62.6883],[22.4561,62.6886],[22.4514,62.6899],[22.4492,62.6901],[22.4474,62.6901],[22.4457,62.6899],[22.4442,62.6896],[22.4428,62.6891],[22.4373,62.6858],[22.419,62.6717],[22.409,62.6655],[22.4079,62.6645],[22.4072,62.6631],[22.4019,62.6307],[22.393,62.6143],[22.3917,62.6126],[22.3898,62.6109],[22.3879,62.6096],[22.3457,62.5849],[22.3432,62.5835],[22.3405,62.5824],[22.3342,62.5803],[22.3091,62.5742],[22.3064,62.5732],[22.3044,62.5718],[22.2981,62.5655],[22.2903,62.5537],[22.2664,62.5018],[22.2655,62.5004],[22.2629,62.4982],[22.227,62.4768],[22.2256,62.4756],[22.209,62.457],[22.2078,62.4561],[22.2061,62.4554],[22.2037,62.4549],[22.201,62.4549],[22.1004,62.4603],[21.96,62.4641],[21.758,62.4774],[21.7538,62.4774],[21.7494,62.4765]]}},{"type":"Feature","geometry":{"type":"LineString","coordinates":[[21.7377,62.4739],[21.7293,62.4722],[21.6626,62.461],[21.6582,62.4607],[21.6242,62.461],[21.6211,62.4608],[21.6178,62.46],[21.6123,62.4573],[21.6099,62.4565],[21.5889,62.4521],[21.5862,62.4519],[21.4695,62.4596],[21.4649,62.4603],[21.3933,62.4744],[21.39,62.4748],[21.3866,62.475],[21.3832,62.4748],[21.3799,62.4744],[21.3766,62.4736],[21.3736,62.4726],[21.3467,62.4603],[21.3155,62.4437],[21.2978,62.436],[21.29,62.4321],[21.2808,62.4288],[21.278,62.4274],[21.2701,62.4212],[21.2527,62.4056],[21.2501,62.4044],[21.2451,62.4033],[21.2429,62.4024],[21.2417,62.4016],[21.2363,62.3973],[21.2335,62.3942],[21.2326,62.3925],[21.2323,62.3907],[21.2331,62.3878],[21.2324,62.3859]]}},{"type":"Feature","geometry":{"type":"LineString","coordinates":[[24.1695,65.8356],[24.1703,65.8343],[24.1698,65.833],[24.1688,65.8323],[24.1644,65.8299]]}},{"type":"Feature","geometry":{"type":"LineString","coordinates":[[24.177,65.8509],[24.172,65.8509],[24.1693,65.8506],[24.1668,65.8498],[24.1652,65.8485]]}},{"type":"Feature","geometry":{"type":"LineString","coordinates":[[24.1641,65.8442],[24.1644,65.8425],[24.167,65.8382],[24.1695,65.8356]]}},{"type":"Feature","geometry":{"type":"LineString","coordinates":[[24.1652,65.8485],[24.1639,65.8467],[24.1641,65.8442]]}},{"type":"Feature","geometry":{"type":"LineString","coordinates":[[24.1644,65.8299],[24.1621,65.8288],[24.1594,65.8282],[24.1572,65.828],[24.1507,65.8279]]}},{"type":"Feature","geometry":{"type":"LineString","coordinates":[[24.1507,65.8279],[24.1424,65.8277],[24.137,65.8278],[24.1342,65.828]]}},{"type":"Feature","geometry":{"type":"LineString","coordinates":[[24.1223,65.8294],[24.1199,65.8297],[24.112,65.8301]]}},{"type":"Feature","geometry":{"type":"LineString","coordinates":[[24.5037,64.6851],[24.4828,64.6823],[24.48,64.6814],[24.4768,64.6798]]}},{"type":"Feature","geometry":{"type":"LineString","coordinates":[[25.0265,64.6072],[25.0246,64.6059],[25.0223,64.605],[25.0193,64.6046],[25.0159,64.6046]]}},{"type":"Feature","geometry":{"type":"LineString","coordinates":[[24.5037,64.6851],[24.483,64.6822],[24.4803,64.6815],[24.4778,64.6802]]}},{"type":"Feature","geometry":{"type":"LineString","coordinates":[[25.0159,64.6046],[25.013,64.6049],[24.8409,64.6305],[24.8043,64.6352],[24.7761,64.6397],[24.7301,64.6506],[24.7061,64.6579],[24.6965,64.6613],[24.6939,64.6621],[24.6905,64.6628],[24.6793,64.6645],[24.6763,64.6651],[24.6407,64.6783],[24.6285,64.682],[24.6248,64.6828],[24.6219,64.6831],[24.6189,64.6832],[24.5963,64.6827],[24.5795,64.6815],[24.5753,64.6814],[24.5658,64.6819],[24.5562,64.6833],[24.5533,64.6835],[24.5384,64.6837],[24.5106,64.6855],[24.5071,64.6855],[24.5037,64.6851]]}},{"type":"Feature","geometry":{"type":"LineString","coordinates":[[24.4148,64.6425],[24.4129,64.6432],[24.4124,64.6443],[24.4127,64.6458],[24.4161,64.652]]}},{"type":"Feature","geometry":{"type":"LineString","coordinates":[[24.4161,64.652],[24.4163,64.6523]]}},{"type":"Feature","geometry":{"type":"LineString","coordinates":[[24.4778,64.6802],[24.4604,64.6706],[24.4588,64.6692],[24.4534,64.6624],[24.4521,64.6614],[24.4504,64.6606]]}},{"type":"Feature","geometry":{"type":"LineString","coordinates":[[24.4768,64.6798],[24.4711,64.6767],[24.4676,64.6755],[24.4647,64.6749],[24.4475,64.6722],[24.4315,64.6679],[24.429,64.6667],[24.4272,64.6654],[24.4264,64.6641],[24.4258,64.6618]]}},{"type":"Feature","geometry":{"type":"LineString","coordinates":[[24.5815,65.6867],[24.5799,65.6858],[24.5787,65.6848],[24.5749,65.6802],[24.5732,65.6791],[24.5709,65.6781],[24.5632,65.6759],[24.5604,65.6753],[24.5417,65.6737]]}},{"type":"Feature","geometry":{"type":"LineString","coordinates":[[24.595,65.6947],[24.5932,65.6925],[24.5921,65.6917],[24.5815,65.6867]]}},{"type":"Feature","geometry":{"type":"LineString","coordinates":[[24.58,65.7319],[24.5804,65.7313]]}},{"type":"Feature","geometry":{"type":"LineString","coordinates":[[24.5804,65.7313],[24.5807,65.7304],[24.58,65.7288],[24.58,65.7281],[24.5828,65.7253],[24.584,65.7246],[24.5904,65.7221],[24.5961,65.7169],[24.6031,65.7127],[24.6039,65.712],[24.6042,65.711],[24.6034,65.7082],[24.6014,65.7048]]}},{"type":"Feature","geometry":{"type":"LineString","coordinates":[[24.6014,65.7048],[24.595,65.6947]]}},{"type":"Feature","geometry":{"type":"LineString","coordinates":[[24.1611,65.7582],[24.1604,65.7558]]}},{"type":"Feature","geometry":{"type":"LineString","coordinates":[[24.1627,65.7648],[24.1623,65.7632]]}},{"type":"Feature","geometry":{"type":"LineString","coordinates":[[24.1604,65.7558],[24.1603,65.7556]]}},{"type":"Feature","geometry":{"type":"LineString","coordinates":[[24.1623,65.7632],[24.1611,65.7582]]}},{"type":"Feature","geometry":{"type":"LineString","coordinates":[[24.1635,65.7684],[24.1627,65.7648]]}},{"type":"Feature","geometry":{"type":"LineString","coordinates":[[24.1644,65.8299],[24.163,65.8289],[24.1621,65.8279],[24.1617,65.8268],[24.1619,65.8257],[24.1761,65.8013],[24.1766,65.7992],[24.1762,65.7975],[24.1655,65.7765],[24.1635,65.7684]]}},{"type":"Feature","geometry":{"type":"LineString","coordinates":[[24.177,65.8509],[24.1726,65.8512],[24.17,65.8518],[24.1682,65.8529],[24.168,65.8543]]}},{"type":"Feature","geometry":{"type":"LineString","coordinates":[[23.8353,67.3419],[23.837,67.3538]]}},{"type":"Feature","geometry":{"type":"LineString","coordinates":[[23.8697,67.1547],[23.866,67.1624]]}},{"type":"Feature","geometry":{"type":"LineString","coordinates":[[23.9911,66.7822],[23.9939,66.7854],[23.9967,66.7912]]}},{"type":"Feature","geometry":{"type":"LineString","coordinates":[[23.837,67.3538],[23.8385,67.3648]]}},{"type":"Feature","geometry":{"type":"LineString","coordinates":[[24.53,65.7981],[24.5272,65.7989],[24.5246,65.7995],[24.5016,65.8029],[24.4399,65.8126],[24.4364,65.8129],[24.4284,65.8127],[24.4247,65.8129],[24.3486,65.8241],[24.3169,65.8296],[24.3141,65.8298],[24.2998,65.8305],[24.2971,65.8308],[24.2947,65.8314],[24.2741,65.8389],[24.2606,65.8436],[24.2589,65.8444],[24.2565,65.8462],[24.255,65.847],[24.2451,65.8493],[24.2427,65.8495],[24.2366,65.8492],[24.2319,65.8492],[24.218,65.8503],[24.2141,65.8505],[24.177,65.8509]]}},{"type":"Feature","geometry":{"type":"LineString","coordinates":[[24.168,65.8543],[24.1697,65.8596],[24.1688,65.8664],[24.1686,65.8705],[24.1495,65.9036],[24.1464,65.9125],[24.1453,65.9144],[24.1359,65.9263],[24.1332,65.9287],[24.1307,65.9302],[24.1277,65.9316],[24.1113,65.9373],[24.1089,65.9383],[24.1064,65.9398],[24.0981,65.9462],[24.0956,65.9473],[24.0885,65.9499],[24.0848,65.9518],[24.0819,65.954],[24.0658,65.9701],[24.0646,65.9723],[24.0649,65.9745],[24.0661,65.9763],[24.0709,65.9805],[24.0721,65.982],[24.0773,65.9981],[24.0775,66.0009],[24.0764,66.0037],[24.0452,66.0397],[24.043,66.0411],[24.0208,66.054],[24.0184,66.0548],[24.0157,66.0553],[24.0082,66.0558],[24.006,66.0561],[24.0037,66.0567],[24.0019,66.0575],[23.9944,66.0646],[23.9687,66.0915],[23.9544,66.1091],[23.9512,66.1165],[23.9507,66.1184],[23.9494,66.1407],[23.9487,66.1431],[23.9471,66.1452],[23.9323,66.1601],[23.9304,66.1615],[23.9281,66.1627],[23.9051,66.1721],[23.9019,66.1731],[23.8987,66.1738],[23.8868,66.1754],[23.8626,66.1802],[23.8587,66.1813],[23.8531,66.1835],[23.8492,66.1845],[23.8451,66.1851],[23.8276,66.1868],[23.8233,66.1878],[23.8199,66.1892],[23.8084,66.1975],[23.8067,66.1992],[23.8061,66.2007],[23.806,66.2049],[23.8051,66.2118],[23.8038,66.2142],[23.8015,66.2165],[23.799,66.2182],[23.7959,66.2198],[23.7923,66.2212],[23.7817,66.2245],[23.7718,66.2293],[23.7639,66.2325],[23.7602,66.2346],[23.7501,66.242],[23.6896,66.2915],[23.6829,66.2953],[23.6757,66.3025],[23.6716,66.306],[23.6706,66.3076],[23.6709,66.3094],[23.6739,66.313],[23.6781,66.32],[23.6827,66.3246],[23.6904,66.3348],[23.6938,66.3422],[23.6949,66.3438],[23.6976,66.3459],[23.7175,66.3577],[23.72,66.3602],[23.721,66.3629],[23.7207,66.3651],[23.7193,66.3672],[23.7172,66.3691],[23.7122,66.3723],[23.7108,66.3736],[23.71,66.3751],[23.7098,66.3771],[23.7113,66.3813],[23.7113,66.3831],[23.7078,66.3883],[23.7037,66.3963],[23.704,66.3977],[23.7067,66.4016],[23.7065,66.4033],[23.6874,66.4201],[23.686,66.4217],[23.6851,66.4233],[23.6847,66.4251],[23.6825,66.4538],[23.683,66.456],[23.6849,66.4578],[23.688,66.4593],[23.6905,66.4602],[23.7061,66.4641],[23.7146,66.4677],[23.7172,66.4691],[23.7253,66.476],[23.7318,66.4864],[23.7338,66.4886],[23.7363,66.4903],[23.7558,66.5017],[23.7627,66.5076],[23.7653,66.5093],[23.7685,66.5107],[23.7723,66.5117],[23.7919,66.5152],[23.795,66.516],[23.7978,66.5169],[23.8004,66.5182],[23.8023,66.5196],[23.8035,66.521],[23.8049,66.5241],[23.8063,66.5258],[23.8086,66.5278],[23.8118,66.5297],[23.8402,66.5421],[23.8438,66.5432],[23.8592,66.5465],[23.8648,66.5482],[23.8696,66.5505],[23.873,66.5532],[23.8746,66.5556],[23.878,66.5655],[23.8789,66.5672],[23.8933,66.5818],[23.895,66.5842],[23.9105,66.6383],[23.9113,66.6402],[23.9131,66.6422],[23.9156,66.6442],[23.9374,66.6559],[23.9397,66.6575],[23.9415,66.6592],[23.9427,66.6609],[23.9432,66.6627],[23.9427,66.6696],[23.9434,66.6723],[23.9669,66.7056],[23.9675,66.7073],[23.9676,66.709],[23.9611,66.7479],[23.9613,66.7504],[23.962,66.752],[23.9632,66.7535],[23.9911,66.7822]]}},{"type":"Feature","geometry":{"type":"LineString","coordinates":[[23.9967,66.7912],[23.999,66.796],[23.9994,66.7978],[23.9978,66.8084],[23.9979,66.8103],[23.9991,66.8125],[24.0041,66.8182],[24.0053,66.8207],[24.005,66.8268],[24.0041,66.8289],[24.002,66.8308],[23.9919,66.8373],[23.9898,66.8389],[23.8703,66.9547],[23.8689,66.9567],[23.8506,66.9896],[23.8502,66.9913],[23.8505,66.993],[23.8742,67.073],[23.8782,67.1361],[23.8777,67.1381],[23.8697,67.1547]]}},{"type":"Feature","geometry":{"type":"LineString","coordinates":[[23.866,67.1624],[23.8237,67.2495],[23.8231,67.2513],[23.8231,67.2531],[23.8353,67.3419]]}},{"type":"Feature","geometry":{"type":"LineString","coordinates":[[27.5148,66.7285],[27.5139,66.7293],[27.5132,66.7305],[27.5057,66.7357]]}},{"type":"Feature","geometry":{"type":"LineString","coordinates":[[27.5251,66.7213],[27.5149,66.7284]]}},{"type":"Feature","geometry":{"type":"LineString","coordinates":[[27.4045,66.7202],[27.4053,66.7191],[27.4071,66.7182],[27.4096,66.7176],[27.4125,66.7174]]}},{"type":"Feature","geometry":{"type":"LineString","coordinates":[[27.4125,66.7174],[27.4299,66.7176],[27.4332,66.7172],[27.4388,66.7161],[27.4414,66.7159],[27.4544,66.7161],[27.4763,66.7158],[27.4813,66.7154],[27.4899,66.7139],[27.4927,66.7136],[27.4955,66.7135],[27.504,66.7137],[27.5264,66.7121],[27.5306,66.7119],[27.533,66.712],[27.5353,66.7126],[27.5369,66.7134],[27.5376,66.7144],[27.5372,66.7155],[27.5353,66.7176],[27.534,66.7184],[27.5321,66.7191],[27.5272,66.7202],[27.5251,66.7213]]}},{"type":"Feature","geometry":{"type":"LineString","coordinates":[[27.4548,64.4732],[27.4584,64.4727],[27.4614,64.472],[27.4774,64.467]]}},{"type":"Feature","geometry":{"type":"LineString","coordinates":[[25.9832,64.806],[26.0108,64.8042]]}},{"type":"Feature","geometry":{"type":"LineString","coordinates":[[26.4095,64.7619],[26.4237,64.7516]]}},{"type":"Feature","geometry":{"type":"LineString","coordinates":[[27.8155,64.3998],[27.8346,64.4021]]}},{"type":"Feature","geometry":{"type":"LineString","coordinates":[[28.084,64.3648],[28.0874,64.3628],[28.0898,64.3609],[28.1,64.3465],[28.1021,64.3445],[28.105,64.3428]]}},{"type":"Feature","geometry":{"type":"LineString","coordinates":[[26.8321,64.5566],[26.8571,64.56]]}},{"type":"Feature","geometry":{"type":"LineString","coordinates":[[25.7471,64.9165],[25.7593,64.9098]]}},{"type":"Feature","geometry":{"type":"LineString","coordinates":[[27.2384,64.5414],[27.25,64.5387],[27.2612,64.5354]]}},{"type":"Feature","geometry":{"type":"LineString","coordinates":[[26.5275,64.643],[26.5344,64.6367],[26.5419,64.6323]]}},{"type":"Feature","geometry":{"type":"LineString","coordinates":[[27.9047,64.3952],[27.9352,64.3906]]}},{"type":"Feature","geometry":{"type":"LineString","coordinates":[[26.66,64.5669],[26.6858,64.5596]]}},{"type":"Feature","geometry":{"type":"LineString","coordinates":[[25.4857,64.981],[25.487,64.9799],[25.4886,64.9791],[25.4905,64.9784],[25.4928,64.9778],[25.5075,64.9761],[25.5161,64.9744],[25.5687,64.966],[25.5742,64.9655],[25.6247,64.963],[25.6303,64.9624],[25.6355,64.9613],[25.6405,64.9598],[25.7205,64.9309],[25.7235,64.9294],[25.7471,64.9165]]}},{"type":"Feature","geometry":{"type":"LineString","coordinates":[[25.7593,64.9098],[25.8051,64.8847],[25.8525,64.8642],[25.8934,64.8394],[25.8963,64.8379],[25.9438,64.8167],[25.9735,64.8074],[25.978,64.8064],[25.9832,64.806]]}},{"type":"Feature","geometry":{"type":"LineString","coordinates":[[26.0108,64.8042],[26.0302,64.803],[26.0342,64.803],[26.038,64.8034],[26.041,64.8039],[26.0439,64.8046],[26.0641,64.8112],[26.0681,64.812],[26.0724,64.8125],[26.0758,64.8125],[26.0792,64.8124],[26.1071,64.8097],[26.1133,64.8087],[26.1188,64.8073],[26.156,64.7927],[26.1613,64.7912],[26.1672,64.79],[26.1729,64.7893],[26.1787,64.789],[26.2584,64.7886],[26.2642,64.7883],[26.3991,64.766],[26.4022,64.7653],[26.405,64.7643],[26.4074,64.7632],[26.4095,64.7619]]}},{"type":"Feature","geometry":{"type":"LineString","coordinates":[[26.4237,64.7516],[26.4533,64.7301],[26.4554,64.7283],[26.4569,64.7261],[26.4678,64.7046],[26.4694,64.7023],[26.5033,64.6655],[26.5275,64.643]]}},{"type":"Feature","geometry":{"type":"LineString","coordinates":[[26.5419,64.6323],[26.653,64.5695],[26.6561,64.5681],[26.66,64.5669]]}},{"type":"Feature","geometry":{"type":"LineString","coordinates":[[26.6858,64.5596],[26.7171,64.5508],[26.7235,64.5497],[26.7303,64.5492],[26.736,64.5493],[26.8095,64.5536],[26.813,64.5539],[26.8321,64.5566]]}},{"type":"Feature","geometry":{"type":"LineString","coordinates":[[26.8571,64.56],[26.8645,64.561],[26.8698,64.5611],[27.1625,64.5576],[27.1667,64.5572],[27.1708,64.5566],[27.2384,64.5414]]}},{"type":"Feature","geometry":{"type":"LineString","coordinates":[[27.2612,64.5354],[27.2987,64.524],[27.3018,64.523],[27.3048,64.5216],[27.3275,64.5086],[27.3302,64.5074],[27.3332,64.5062],[27.3933,64.4888],[27.4221,64.4786],[27.4253,64.4776],[27.4318,64.4763],[27.4548,64.4732]]}},{"type":"Feature","geometry":{"type":"LineString","coordinates":[[27.4774,64.467],[27.4836,64.4649],[27.4856,64.4638],[27.4871,64.4627],[27.4884,64.4604],[27.4888,64.4557],[27.4883,64.4538],[27.487,64.452],[27.4776,64.4454],[27.4763,64.4442],[27.4754,64.4428],[27.475,64.4409],[27.4758,64.4314],[27.476,64.43],[27.4767,64.4288],[27.4781,64.4272],[27.4803,64.4258],[27.5079,64.4114],[27.5129,64.4094],[27.5187,64.4079],[27.5282,64.4061],[27.5313,64.4056],[27.5358,64.4053],[27.5403,64.4055],[27.5447,64.406],[27.5884,64.4136],[27.5925,64.4141],[27.5968,64.4144],[27.6189,64.4144],[27.6904,64.4118],[27.6962,64.412],[27.7245,64.4146],[27.7303,64.4148],[27.735,64.4144],[27.7395,64.4137],[27.8023,64.4],[27.8055,64.3996],[27.8088,64.3994],[27.812,64.3995],[27.8155,64.3998]]}},{"type":"Feature","geometry":{"type":"LineString","coordinates":[[27.8346,64.4021],[27.8461,64.4034],[27.8483,64.4035],[27.8506,64.4034],[27.9047,64.3952]]}},{"type":"Feature","geometry":{"type":"LineString","coordinates":[[27.9352,64.3906],[28.0344,64.3759],[28.04,64.3756],[28.0567,64.3761],[28.0593,64.376],[28.0617,64.3757],[28.0646,64.375],[28.0671,64.374],[28.084,64.3648]]}},{"type":"Feature","geometry":{"type":"LineString","coordinates":[[28.2751,64.1446],[28.2761,64.1431],[28.2761,64.1422],[28.2752,64.1412],[28.2734,64.1404],[28.2719,64.1401],[28.2657,64.1394],[28.2621,64.1386],[28.2544,64.1361],[28.2432,64.1332],[28.2328,64.1299],[28.2275,64.1285],[28.2229,64.1275],[28.2154,64.1263],[28.2074,64.1246],[28.2031,64.124],[28.1979,64.1236],[28.1926,64.1237],[28.1403,64.1266],[28.0805,64.1258],[28.0775,64.1255],[28.0749,64.1247],[28.0733,64.1236],[28.0724,64.1222]]}},{"type":"Feature","geometry":{"type":"LineString","coordinates":[[28.5713,64.9229],[28.5673,64.9302]]}},{"type":"Feature","geometry":{"type":"LineString","coordinates":[[28.1059,64.3425],[28.103,64.344],[28.1007,64.3458],[28.0989,64.3481],[28.0986,64.3499],[28.0992,64.3513],[28.1097,64.3664]]}},{"type":"Feature","geometry":{"type":"LineString","coordinates":[[28.4582,64.6786],[28.4666,64.6886]]}},{"type":"Feature","geometry":{"type":"LineString","coordinates":[[28.5713,64.9229],[28.5668,64.9309]]}},{"type":"Feature","geometry":{"type":"LineString","coordinates":[[28.5668,64.9309],[28.5649,64.9344],[28.5639,64.9353]]}},{"type":"Feature","geometry":{"type":"LineString","coordinates":[[28.5639,64.9353],[28.561,64.9375],[28.5572,64.9442]]}},{"type":"Feature","geometry":{"type":"LineString","coordinates":[[28.1097,64.3664],[28.1186,64.3791]]}},{"type":"Feature","geometry":{"type":"LineString","coordinates":[[28.1186,64.3791],[28.1245,64.3875],[28.1253,64.3892],[28.1372,64.4285],[28.1375,64.437],[28.1419,64.4606],[28.1478,64.4707],[28.1496,64.4728],[28.1519,64.4744],[28.1548,64.4759],[28.1734,64.4823],[28.1926,64.4917],[28.1978,64.4936],[28.2027,64.4947],[28.208,64.4955],[28.2307,64.4965],[28.2364,64.4971],[28.2399,64.4977],[28.2432,64.4984],[28.2524,64.5014],[28.2558,64.5023],[28.2599,64.5029],[28.2684,64.5035],[28.274,64.5045],[28.2784,64.5057],[28.2874,64.5091],[28.2896,64.5104],[28.295,64.5145],[28.2975,64.5157],[28.3008,64.5167],[28.3083,64.518],[28.3109,64.5186],[28.314,64.5197],[28.3164,64.521],[28.3183,64.5227],[28.3193,64.5244],[28.3191,64.5301],[28.3177,64.5325],[28.3115,64.5386],[28.3101,64.5405],[28.3086,64.5455],[28.3089,64.5472],[28.31,64.5488],[28.3252,64.5618],[28.3291,64.5643],[28.3306,64.5656],[28.3318,64.567],[28.337,64.5761],[28.3395,64.5784],[28.3918,64.6094],[28.3943,64.6113],[28.3995,64.6165],[28.4021,64.6183],[28.4061,64.6203],[28.4128,64.6226],[28.4153,64.6237],[28.4267,64.6306],[28.4291,64.6323],[28.4367,64.6401],[28.438,64.6417],[28.452,64.671],[28.4582,64.6786]]}},{"type":"Feature","geometry":{"type":"LineString","coordinates":[[28.4666,64.6886],[28.496,64.7233],[28.4969,64.7247],[28.4973,64.7263],[28.4972,64.7279],[28.4952,64.7344],[28.492,64.739],[28.4918,64.7403],[28.4924,64.7416],[28.5031,64.7531],[28.5095,64.7579],[28.52,64.7685],[28.5216,64.7708],[28.5222,64.7729],[28.522,64.775],[28.5158,64.7893],[28.5154,64.7911],[28.5156,64.7929],[28.5187,64.8024],[28.5414,64.8435],[28.5428,64.8454],[28.5697,64.875],[28.5781,64.8877],[28.5784,64.8901],[28.5771,64.895],[28.5775,64.908],[28.5767,64.9099],[28.5739,64.9131],[28.5729,64.9149],[28.572,64.9212],[28.5713,64.9229]]}},{"type":"Feature","geometry":{"type":"LineString","coordinates":[[27.5908,64.0738],[27.5886,64.0726],[27.5857,64.072],[27.5825,64.0718],[27.5791,64.0723]]}},{"type":"Feature","geometry":{"type":"LineString","coordinates":[[27.5791,64.0723],[27.5768,64.0726],[27.5574,64.0741],[27.5534,64.0743],[27.5042,64.0736],[27.5006,64.0736],[27.497,64.0739],[27.4906,64.0748],[27.4462,64.0845],[27.4418,64.0852],[27.3309,64.0963],[27.1948,64.1037],[27.1881,64.1036],[27.1779,64.1026],[27.1727,64.1023],[27.1218,64.1028],[27.1172,64.1031],[27.1134,64.1035],[27.1097,64.1041],[27.1063,64.1049],[27.1032,64.1059],[27.0984,64.108],[27.0923,64.112]]}},{"type":"Feature","geometry":{"type":"LineString","coordinates":[[29.0142,64.4497],[29.0316,64.4519],[29.0408,64.4528]]}},{"type":"Feature","geometry":{"type":"LineString","coordinates":[[29.4554,64.4778],[29.4669,64.4792],[29.4815,64.4805]]}},{"type":"Feature","geometry":{"type":"LineString","coordinates":[[29.9438,64.5392],[29.9692,64.5436]]}},{"type":"Feature","geometry":{"type":"LineString","coordinates":[[28.1097,64.3664],[28.1111,64.3679],[28.1133,64.369],[28.1162,64.3699],[28.1195,64.3704],[28.3071,64.3818],[28.3139,64.3824],[28.3222,64.3836],[28.3608,64.3909],[28.3668,64.3919],[28.427,64.3987],[28.446,64.4002],[28.4493,64.4006],[28.4541,64.4016],[28.4682,64.4055],[28.4732,64.4065],[28.4785,64.4072],[28.4991,64.4086],[28.5501,64.4103],[28.6537,64.4167],[28.6614,64.4175],[28.7128,64.4245],[28.7219,64.4254],[28.7274,64.4256],[28.815,64.4273],[28.823,64.4277],[28.832,64.4287],[28.8957,64.4385],[28.9026,64.4391],[28.9575,64.4424],[29.0142,64.4497]]}},{"type":"Feature","geometry":{"type":"LineString","coordinates":[[29.0408,64.4528],[29.049,64.4536],[29.0544,64.4538],[29.092,64.4537],[29.176,64.4547],[29.2413,64.4573],[29.247,64.4579],[29.2814,64.4623],[29.4178,64.4748],[29.4402,64.476],[29.4554,64.4778]]}},{"type":"Feature","geometry":{"type":"LineString","coordinates":[[29.4815,64.4805],[29.5765,64.4893],[29.5824,64.49],[29.5903,64.4915],[29.6464,64.5049],[29.652,64.5058],[29.6554,64.5061],[29.6588,64.5062],[29.6949,64.5051],[29.704,64.5052],[29.7121,64.5057],[29.7525,64.51],[29.8785,64.5279],[29.9438,64.5392]]}},{"type":"Feature","geometry":{"type":"LineString","coordinates":[[29.9692,64.5436],[29.9866,64.5456],[29.9896,64.5458]]}},{"type":"Feature","geometry":{"type":"LineString","coordinates":[[27.5811,64.0656],[27.5859,64.0694],[27.5881,64.0704],[27.5898,64.0708],[27.5916,64.0709],[27.5994,64.0707]]}},{"type":"Feature","geometry":{"type":"LineString","coordinates":[[27.9874,63.9811],[27.993,63.98],[27.9953,63.9793],[27.9974,63.9782],[27.9996,63.9765]]}},{"type":"Feature","geometry":{"type":"LineString","coordinates":[[27.5994,64.0707],[27.632,64.0699],[27.6354,64.0697],[27.6387,64.0691],[27.6435,64.0678],[27.6651,64.0591],[27.7001,64.0469],[27.7044,64.0455],[27.7091,64.0444],[27.7148,64.0432],[27.8709,64.0161],[27.8942,64.0092],[27.9229,64.0035],[27.9259,64.0028],[27.9287,64.0018],[27.9693,63.9843],[27.9734,63.9832],[27.9874,63.9811]]}},{"type":"Feature","geometry":{"type":"LineString","coordinates":[[28.001,63.9756],[28.0046,63.9724]]}},{"type":"Feature","geometry":{"type":"LineString","coordinates":[[27.891,62.3238],[27.8916,62.3235]]}},{"type":"Feature","geometry":{"type":"LineString","coordinates":[[27.8785,62.3301],[27.891,62.3238]]}},{"type":"Feature","geometry":{"type":"LineString","coordinates":[[27.8586,62.3087],[27.8564,62.3104],[27.8526,62.3155],[27.8515,62.3162],[27.8469,62.3183],[27.8384,62.3241],[27.8345,62.3275]]}},{"type":"Feature","geometry":{"type":"LineString","coordinates":[[27.8345,62.3275],[27.8336,62.3284],[27.8332,62.3292],[27.8333,62.3301],[27.8338,62.3309],[27.8349,62.3318],[27.8415,62.3354],[27.8429,62.336],[27.8446,62.3364],[27.8536,62.3374],[27.8554,62.3374],[27.8571,62.3373],[27.868,62.3351],[27.8694,62.3346],[27.8785,62.3301]]}},{"type":"Feature","geometry":{"type":"LineString","coordinates":[[27.09,62.6419],[27.0824,62.646]]}},{"type":"Feature","geometry":{"type":"LineString","coordinates":[[27.0461,62.6656],[27.0401,62.6668],[27.0373,62.6678]]}},{"type":"Feature","geometry":{"type":"LineString","coordinates":[[27.0373,62.6678],[27.0368,62.6679]]}},{"type":"Feature","geometry":{"type":"LineString","coordinates":[[27.1245,62.626],[27.124,62.6272],[27.1227,62.6281],[27.1211,62.6286],[27.1161,62.6294],[27.1144,62.6299],[27.09,62.6419]]}},{"type":"Feature","geometry":{"type":"LineString","coordinates":[[27.0824,62.646],[27.0709,62.6523],[27.0529,62.663],[27.0501,62.6643],[27.0461,62.6656]]}},{"type":"Feature","geometry":{"type":"LineString","coordinates":[[30.5526,62.5247],[30.5665,62.5212]]}},{"type":"Feature","geometry":{"type":"LineString","coordinates":[[30.1837,62.5552],[30.1988,62.5565]]}},{"type":"Feature","geometry":{"type":"LineString","coordinates":[[30.9522,62.6699],[30.9552,62.6709]]}},{"type":"Feature","geometry":{"type":"LineString","coordinates":[[30.9366,62.6648],[30.9522,62.6699]]}},{"type":"Feature","geometry":{"type":"LineString","coordinates":[[29.7812,62.5783],[29.7838,62.5772],[29.7866,62.5764],[29.7898,62.576],[29.7932,62.5758],[29.8684,62.5747],[29.9674,62.5753],[29.9727,62.5752],[30.0265,62.5714],[30.0311,62.5709],[30.0351,62.5701],[30.0895,62.5576],[30.0928,62.557],[30.0962,62.5566],[30.1003,62.5563],[30.1373,62.5555],[30.142,62.5551],[30.1537,62.5537],[30.1586,62.5534],[30.1641,62.5535],[30.1837,62.5552]]}},{"type":"Feature","geometry":{"type":"LineString","coordinates":[[30.1988,62.5565],[30.2069,62.5572],[30.2118,62.558],[30.2153,62.5589],[30.2273,62.5626],[30.2323,62.5635],[30.2372,62.5638],[30.2543,62.5638],[30.2592,62.5636],[30.2631,62.5631],[30.2668,62.5624],[30.3323,62.5466],[30.4016,62.5349],[30.4575,62.5289],[30.4627,62.5286],[30.4662,62.5286],[30.4697,62.5289],[30.5064,62.5329],[30.511,62.5331],[30.5156,62.5329],[30.5199,62.5325],[30.524,62.5317],[30.5526,62.5247]]}},{"type":"Feature","geometry":{"type":"LineString","coordinates":[[30.5665,62.5212],[30.5709,62.5204],[30.5756,62.5202],[30.5802,62.5207],[30.5842,62.5218],[30.5862,62.5227],[30.5878,62.5237],[30.6007,62.5354],[30.6027,62.5369],[30.6051,62.5382],[30.6101,62.5402],[30.6366,62.5476],[30.6404,62.549],[30.6428,62.5504],[30.6445,62.5521],[30.653,62.5659],[30.6542,62.5672],[30.6558,62.5684],[30.6579,62.5695],[30.6603,62.5705],[30.6738,62.5743],[30.6762,62.5751],[30.6986,62.5858],[30.7027,62.5871],[30.7072,62.5883],[30.7238,62.5911],[30.7284,62.5922],[30.7651,62.6029],[30.9097,62.656],[30.9366,62.6648]]}},{"type":"Feature","geometry":{"type":"LineString","coordinates":[[29.2454,62.6398],[29.2401,62.6409],[29.2268,62.6444]]}},{"type":"Feature","geometry":{"type":"LineString","coordinates":[[29.0693,62.7146],[29.053,62.719]]}},{"type":"Feature","geometry":{"type":"LineString","coordinates":[[29.7069,62.6337],[29.692,62.6379]]}},{"type":"Feature","geometry":{"type":"LineString","coordinates":[[29.2454,62.6398],[29.241,62.6405],[29.2282,62.644]]}},{"type":"Feature","geometry":{"type":"LineString","coordinates":[[29.5715,62.6219],[29.5568,62.6191]]}},{"type":"Feature","geometry":{"type":"LineString","coordinates":[[29.76,62.6236],[29.7403,62.6262]]}},{"type":"Feature","geometry":{"type":"LineString","coordinates":[[29.7403,62.6262],[29.7295,62.6277],[29.7259,62.6283],[29.7069,62.6337]]}},{"type":"Feature","geometry":{"type":"LineString","coordinates":[[29.7787,62.6092],[29.7787,62.6112],[29.7793,62.6129],[29.7827,62.6173],[29.7826,62.6185],[29.7817,62.6197],[29.7801,62.6205],[29.7779,62.6211],[29.76,62.6236]]}},{"type":"Feature","geometry":{"type":"LineString","coordinates":[[29.692,62.6379],[29.689,62.6387],[29.681,62.6404],[29.6785,62.6407],[29.6759,62.6408],[29.6494,62.6393],[29.6343,62.6394],[29.6309,62.6392],[29.6276,62.6389],[29.6056,62.6354],[29.5999,62.634],[29.595,62.6322],[29.5865,62.6276],[29.5781,62.6238],[29.5751,62.6227],[29.5715,62.6219]]}},{"type":"Feature","geometry":{"type":"LineString","coordinates":[[29.5568,62.6191],[29.543,62.6164],[29.5397,62.6161],[29.5363,62.616],[29.5327,62.6162],[29.5294,62.6167],[29.5129,62.6209],[29.5086,62.6215],[29.5042,62.6214],[29.4977,62.6204],[29.4944,62.6202],[29.4918,62.6203],[29.4865,62.6209],[29.4835,62.6211],[29.4725,62.6206],[29.4565,62.6209],[29.4522,62.6215],[29.4435,62.6235],[29.426,62.6263],[29.4157,62.6283],[29.4126,62.6292],[29.4023,62.633],[29.4,62.6336],[29.3975,62.6339],[29.394,62.634],[29.3364,62.6335],[29.2703,62.6368],[29.2454,62.6398]]}},{"type":"Feature","geometry":{"type":"LineString","coordinates":[[29.2268,62.6444],[29.2204,62.6461],[29.1648,62.6594],[29.1619,62.6602],[29.1581,62.6618],[29.1394,62.6734],[29.1355,62.6753],[29.1325,62.6764],[29.0852,62.6912],[29.0824,62.6922],[29.0791,62.6941],[29.0771,62.6964],[29.0764,62.6985],[29.0768,62.7026],[29.0739,62.7112],[29.0733,62.7122],[29.0723,62.7131],[29.0693,62.7146]]}},{"type":"Feature","geometry":{"type":"LineString","coordinates":[[30.1715,62.3033],[30.1581,62.306]]}},{"type":"Feature","geometry":{"type":"LineString","coordinates":[[30.3656,62.2396],[30.3508,62.2457]]}},{"type":"Feature","geometry":{"type":"LineString","coordinates":[[30.6181,62.1725],[30.6158,62.1728]]}},{"type":"Feature","geometry":{"type":"LineString","coordinates":[[30.6158,62.1728],[30.5929,62.176]]}},{"type":"Feature","geometry":{"type":"LineString","coordinates":[[30.6326,62.1703],[30.6288,62.171],[30.6181,62.1725]]}},{"type":"Feature","geometry":{"type":"LineString","coordinates":[[30.5929,62.176],[30.5874,62.1766],[30.5817,62.1768],[30.5519,62.1756],[30.5479,62.1757],[30.544,62.1761],[30.5392,62.1771],[30.5227,62.1818],[30.5204,62.1826],[30.5183,62.184],[30.5096,62.1923],[30.5081,62.1932],[30.5061,62.1939],[30.5029,62.1944],[30.4996,62.1944],[30.4886,62.1924],[30.4861,62.1921],[30.4831,62.1922],[30.4803,62.1927],[30.4779,62.1937],[30.4391,62.2127],[30.4356,62.2139],[30.4015,62.2249],[30.3656,62.2396]]}},{"type":"Feature","geometry":{"type":"LineString","coordinates":[[30.3508,62.2457],[30.2525,62.2859],[30.2491,62.2871],[30.2431,62.2887],[30.1715,62.3033]]}},{"type":"Feature","geometry":{"type":"LineString","coordinates":[[30.1581,62.306],[30.1287,62.312],[30.1267,62.3125],[30.1245,62.3135],[30.123,62.3146],[30.1205,62.3186]]}},{"type":"Feature","geometry":{"type":"LineString","coordinates":[[25.1077,60.4073],[25.1081,60.4079],[25.109,60.4084],[25.1103,60.4088],[25.1119,60.409],[25.1135,60.4089],[25.1149,60.4086],[25.1161,60.4081],[25.117,60.4075]]}},{"type":"Feature","geometry":{"type":"LineString","coordinates":[[28.084,64.3648],[28.0882,64.3628],[28.0904,64.362],[28.0938,64.3613],[28.0974,64.3612],[28.1013,64.3615],[28.1051,64.3624],[28.1073,64.3635],[28.1089,64.3652]]}},{"type":"Feature","geometry":{"type":"LineString","coordinates":[[26.7609,60.8699],[26.7709,60.8703],[26.7768,60.8698],[26.7815,60.8697]]}},{"type":"Feature","geometry":{"type":"LineString","coordinates":[[26.7814,60.8697],[26.7687,60.8692],[26.7667,60.8687],[26.7651,60.8679],[26.7645,60.8668],[26.7649,60.8645],[26.7623,60.8527]]}},{"type":"Feature","geometry":{"type":"LineString","coordinates":[[26.7609,60.8699],[26.7635,60.87],[26.7703,60.8702],[26.7733,60.8699],[26.7752,60.8693],[26.7768,60.8685],[26.7779,60.8674],[26.7783,60.8662],[26.7779,60.8648],[26.7766,60.8634],[26.767,60.8584],[26.7649,60.857],[26.7632,60.8551],[26.7623,60.8527]]}},{"type":"Feature","geometry":{"type":"LineString","coordinates":[[27.5928,64.0755],[27.5921,64.0747],[27.5919,64.0739],[27.5922,64.0731],[27.5929,64.0723],[27.5941,64.0717],[27.5956,64.0712],[27.5972,64.0709],[27.5994,64.0707]]}},{"type":"Feature","geometry":{"type":"LineString","coordinates":[[27.5772,64.0626],[27.5831,64.0675],[27.5839,64.0687],[27.5837,64.0698],[27.5828,64.0708],[27.5812,64.0717],[27.5791,64.0723]]}},{"type":"Feature","geometry":{"type":"LineString","coordinates":[[27.6544,63.0872],[27.656,63.0862],[27.6575,63.0855],[27.6592,63.0851],[27.661,63.0849],[27.6629,63.085],[27.6646,63.0854],[27.6657,63.086],[27.6669,63.087]]}},{"type":"Feature","geometry":{"type":"LineString","coordinates":[[22.8914,62.7728],[22.8884,62.7739],[22.8762,62.7799]]}},{"type":"Feature","geometry":{"type":"LineString","coordinates":[[25.023,64.6016],[25.0228,64.6028],[25.0216,64.6037],[25.0198,64.6042],[25.0159,64.6046]]}}]}